respid,cty,AsylumHome,IdeoScale,Female,Age,Employed,EISCED,IncomeDecile
R_1P7XIiItASp1rPc,Spain,1,3,0,47,0,5,8
R_50ZKMW8yNrvwD89,Spain,-1,7,0,42,1,5,10
R_3s4juKElL6QpirT,Spain,0,4,1,49,0,3,3
R_1g5e05VvfcIwMwG,Spain,-1,5,1,50,1,3,6
R_2wLD2sg0B2uqJkP,Spain,-1,6,1,37,1,6,5
R_3KDYaiaEqthmhAE,Spain,-2,3,1,46,1,7,8
R_1oiigGzXnzVQgBR,Spain,1,6,1,53,1,7,2
R_2P53Up2jXzR9phj,Spain,0,2,1,36,1,5,3
R_3KN6ICfs55OBYi4,Spain,0,5,0,39,1,7,9
R_3EsaiiF57WP0vKw,Spain,-2,4,1,45,1,6,9
R_2X4Lf67XaXmyACY,Spain,-1,5,1,46,1,7,3
R_2xF2kzyh7lmVcTC,Spain,1,4,1,63,0,3,2
R_3HLnJOz6sg5QZ7u,Spain,0,7,1,53,0,2,1
R_YQbM67UQ6aOHReh,Spain,0,4,1,49,1,2,7
R_1lbfZplK3tTgNPt,Spain,-1,6,1,50,1,7,3
R_1d9Uz4VdbHvvoh6,Spain,1,0,1,39,0,1,1
R_3nvl4ZcAQ8ou1sg,Spain,0,0,1,45,0,4,2
R_TpigFP7qW2NbyEx,Spain,-2,6,1,42,1,7,6
R_129BnLcr6a8pvfo,Spain,0,4,0,45,1,3,4
R_2VQgOjlssYgjpSt,Spain,1,5,1,43,1,6,10
R_3dQE1YFlhz86uMV,Spain,-1,6,1,31,1,5,4
R_1eCZyRqaCBcAT5c,Spain,1,1,0,37,1,7,9
R_3oF3Ohg3FelJPE0,Spain,-1,1,1,46,1,6,10
R_pMEIwFd9w4vBcyt,Spain,-2,8,1,28,1,5,1
R_b7pTdfVibDUjgWZ,Spain,-1,5,1,42,1,7,7
R_3KPxvMrcJlnHvY3,Spain,1,3,0,50,1,7,4
R_wZEkmCce4edKlTb,Spain,1,7,1,35,1,6,2
R_PtkKPuDOEfh9IvT,Spain,-1,6,1,28,0,3,2
R_3CZ1ulgg3nLaKHk,Spain,0,5,1,51,0,7,6
R_1ri7bYkaP8dSwIq,Spain,-2,5,1,35,0,3,9
R_2BxMjhaMUNuSi2Z,Spain,0,5,0,47,1,6,6
R_1nTkdUWh4ge1vsP,Spain,1,3,0,45,1,7,6
R_qxWIapdhOJD66rf,Spain,-1,10,0,52,0,3,2
R_1eIv4j090sh7xfA,Spain,0,4,1,52,1,5,8
R_sd5aTOtnLRavK1j,Spain,0,7,0,50,1,7,6
R_2uUv6XZ9vEQbH63,Spain,2,2,0,36,1,2,8
R_123iEsvRumHGzhi,Spain,2,1,0,50,1,7,9
R_1gFxmQL4Mudx6Eo,Spain,0,5,1,48,0,5,2
R_2hSmBARvY0FRzP3,Spain,-1,8,0,38,0,5,2
R_2xYnuIZ6v3KxZnG,Spain,0,4,0,39,1,7,10
R_Zz4BOzXYokr6LHH,Spain,-2,0,1,25,0,5,2
R_3EXxRL1TYytkewc,Spain,0,1,0,48,1,1,3
R_d1pLGZO6DcvSwGB,Spain,-1,5,1,40,0,7,2
R_296SHDjbuiyRFMG,Spain,0,2,1,29,0,5,2
R_3M4mgRX6G0otXat,Spain,0,3,0,57,1,2,6
R_12QCmtMlH4mOPgU,Spain,1,5,0,42,1,7,4
R_12xbOMW4U4SWhCK,Spain,1,5,0,29,1,5,2
R_2ExSrI9Mm2afHzE,Spain,1,3,1,53,1,2,10
R_3imnIykGEsD9dnn,Spain,1,3,1,33,1,7,4
R_2WBd7FNIfD3ZK73,Spain,1,7,1,34,1,7,5
R_24knXvIusJdF2TX,Spain,1,3,1,47,1,6,6
R_2aOY1vdB8xSbTXN,Spain,0,4,1,41,1,5,4
R_3qTL3Otx5d30I0O,Spain,-2,0,0,35,1,4,2
R_vpojy9W8GauSIpz,Spain,1,4,1,67,0,1,6
R_9BOqVaWx8Fpm4JL,Spain,0,1,0,47,1,1,6
R_3DouKGYRStO55V1,Spain,1,5,1,54,1,1,6
R_3y3KSyKKfJMopUh,Spain,2,3,0,54,1,6,8
R_0vv0FVPni3mTbAV,Spain,0,2,1,42,1,6,6
R_6nHRfRWlZcTluAJ,Spain,0,3,0,43,1,7,7
R_9B0LbHKRAaSo029,Spain,2,8,0,63,0,6,4
R_71bj6EaYwiwGe7b,Spain,2,8,0,59,1,6,8
R_eWl0GsJ2v3cRLSt,Spain,0,3,1,48,1,7,6
R_7PLHkITmVeKvk2N,Spain,2,1,0,35,1,7,8
R_etcfjFLDIZfrEnX,Spain,-1,4,1,58,1,7,9
R_0D5XOdkP0crvq5f,Spain,0,2,1,59,1,6,7
R_2f9e8snoV18riyp,Spain,1,3,1,43,1,4,3
R_6W27IeZz1ObpBid,Spain,0,10,0,52,1,4,2
R_b7RCCo6ykYqHx4x,Spain,1,3,0,39,1,5,9
R_b2uem220Sj2Hkd7,Spain,0,3,0,47,1,7,7
R_b9PFVIiYoF9HiBf,Spain,1,7,0,46,0,1,5
R_0rA2oJQ4zzi1nr7,Spain,0,1,1,39,0,3,5
R_0xKgrwh6YLN7sB7,Spain,1,2,0,33,1,7,2
R_3aWR23PbB6Z83fD,Spain,-2,5,1,56,0,2,5
R_8hTKt0JX4LcRBxr,Spain,1,2,0,39,1,6,5
R_9AdZlihuEGvLfZH,Spain,0,7,1,39,1,6,9
R_1yRFrNWdb3kGAVT,Spain,-1,4,1,51,0,2,6
R_0pmBX5ec4IahORL,Spain,-2,5,1,36,1,4,3
R_3aqSk0EtfmWuwQt,Spain,-2,3,1,37,0,5,2
R_2fZgNCROseQerAN,Spain,0,6,1,44,1,6,6
R_bx8bOAUXw1IzWPr,Spain,0,7,1,35,1,6,6
R_0iblZn2RuKq9ExL,Spain,0,2,0,41,1,4,6
R_2mlVAFlJgWsRe7z,Spain,0,9,1,67,0,3,3
R_0kRa2BW5EpZY8oB,Spain,2,4,1,28,0,5,3
R_9Lbe1MTcgncY5OR,Spain,1,1,1,40,0,7,2
R_bCS40e1YT6CDPPn,Spain,0,5,1,42,0,7,4
R_8q890XB1BJJb3nL,Spain,-2,8,1,44,1,6,10
R_8k6uwAgbb7W79Pv,Spain,0,2,1,58,1,2,4
R_4YGdZScjCSSrOQZ,Spain,0,6,1,33,1,5,9
R_d40rqxwcBlt2paR,Spain,0,5,0,66,0,7,2
R_73P5iO1WfAdOcMl,Spain,-2,2,1,41,1,2,3
R_bDEa4kJ9Y2wiCcR,Spain,-2,10,0,59,1,3,4
R_2oxM9mygDsO4SGx,Spain,0,2,1,44,0,2,7
R_1AJql8YisJLaOzz,Spain,2,2,0,42,1,5,9
R_8rjBSMqPZpS06X3,Spain,1,7,1,46,0,6,5
R_3w7E8ASbK0r7F9r,Spain,0,7,0,28,0,6,8
R_2aCJGlp9ccfMp6t,Spain,-2,5,1,46,1,6,3
R_3ZZDFTCP1Psql7f,Spain,0,3,1,48,1,4,7
R_bDGHpNhrh0BHx4N,Spain,1,3,1,34,0,6,2
R_eWALgxgtiwq8VcV,Spain,1,3,0,32,1,7,9
R_6fWuyQzKkLNR8jz,Spain,-1,7,1,31,0,3,2
R_0p7CFZBV8FDUa8Z,Spain,0,5,1,44,0,1,5
R_1NvzwhwKbWcqHpX,Spain,1,0,0,57,0,7,8
R_3soDJlZyRc0E0N7,Spain,-2,5,0,34,0,2,6
R_bNQKDTjuq1YnW4t,Spain,0,4,0,40,1,7,6
R_a62amOlb8S2mVOR,Spain,0,8,1,52,0,1,4
R_9QWhdgHZmaffPi5,Spain,-1,7,1,31,1,7,10
R_6fFdFIdq3HNjZDD,Spain,1,9,1,53,1,3,9
R_0lJ8vg2kHV80KTX,Spain,1,3,1,34,0,5,9
R_cCLxbDxPCLviliR,Spain,0,5,1,45,0,6,4
R_3gzkzLSmTkr151H,Spain,0,2,0,55,1,2,10
R_2fSWT7iuGVSe3Fr,Spain,-2,7,1,39,0,5,9
R_4VL6z4xIirpabfT,Spain,0,5,1,36,0,5,2
R_9pHGyfSsB8Mg7qZ,Spain,-1,2,1,45,0,2,4
R_d5Ot8fqisoB5BzL,Spain,1,5,0,58,1,4,4
R_3fxPxXlmh3xAscZ,Spain,2,0,1,41,1,7,2
R_bNFWLesF28KYFA9,Spain,1,5,1,26,1,7,3
R_9TR4AoUdb49nxOJ,Spain,1,4,1,32,1,7,5
R_3CNROttBRyi3Ey1,Spain,-2,4,0,52,0,5,3
R_ekQf3JiFZbjYJNz,Spain,2,3,0,66,0,6,10
R_efb4fFr1PjANP01,Spain,-2,5,0,49,1,2,3
R_0U0OTVWpaSdHNAN,Spain,0,5,1,37,0,1,5
R_3yKGCpmjMCuEUBL,Spain,0,4,1,33,0,7,6
R_4IOLlnRI1pRfUTX,Spain,2,5,0,42,1,7,2
R_0pRbUl1iJMEjzzT,Spain,0,5,1,31,1,2,10
R_3EinTgP41pVJxn7,Spain,0,3,1,51,0,7,1
R_3xtDRt1RAy0pNSl,Spain,-1,5,1,48,0,3,2
R_9MicgIm4Q93l73D,Spain,0,5,1,31,1,3,7
R_4UcylJETS6cwpFj,Spain,0,7,1,51,0,7,6
R_6ydIjdDzQcu9ned,Spain,0,7,1,23,0,2,2
R_0v8EF93IpSiCEKN,Spain,0,3,1,50,1,7,9
R_eScLa3kFOnaCtyB,Spain,0,6,0,39,1,6,3
R_bPJnEohSJKd3lfT,Spain,0,4,1,35,0,2,1
R_8IhrGk4fQgvTi5L,Spain,-1,3,1,40,1,5,8
R_cYkpPxAWjghhCHr,Spain,1,10,1,38,1,7,10
R_3yrgWMVHNYgWLSB,Spain,-1,5,1,48,1,7,9
R_3q6pUTbsx17PtoF,Spain,-1,8,1,36,1,7,10
R_3TLdKrw07qRAb2d,Spain,0,9,0,38,1,6,5
R_blvUi0hHcKqCuYR,Spain,1,5,1,61,0,5,10
R_5mzSjBswcGEGzNb,Spain,-2,5,1,42,0,2,2
R_cCLy5RRotHwUrVb,Spain,0,6,0,35,1,3,6
R_brZqBAWN7hGhADH,Spain,0,2,0,52,1,4,5
R_bezReFhxHGa0eTX,Spain,1,5,1,44,0,2,2
R_77epapU620AKj3f,Spain,0,5,1,49,0,6,2
R_080qT9RRc5hQBal,Spain,0,2,0,61,0,6,8
R_bwiJEUIGApv4Xw9,Spain,-2,8,1,25,0,5,3
R_0MuHYDdKWUUGENT,Spain,2,3,0,43,1,2,2
R_7aBDXzhpmjiFi6N,Spain,-1,7,0,58,1,5,6
R_1KOJ6foBL5WpPFP,Spain,0,5,1,41,1,6,9
R_3fNkuZwbVLIlFs1,Spain,0,3,1,50,1,7,9
R_0VBGPbaSPQlu9vv,Spain,-1,10,0,62,0,6,9
R_eJKRJoEiFR3Sicl,Spain,0,3,1,48,0,4,6
R_8cb2IBERJT3Cotv,Spain,-1,5,1,51,0,1,1
R_5uVMvpwifTVPBgp,Spain,-2,1,1,53,1,2,7
R_89egyjF21Mcdzdr,Spain,-2,5,0,43,1,2,9
R_cC3FmeHB9tDkAIZ,Spain,2,0,0,46,1,7,10
R_1H2a64m1uIl7Y7H,Spain,1,4,1,48,1,7,7
R_9Y3AadRPqK5pEZT,Spain,-1,5,0,49,1,4,1
R_b7a3K47bJCLXNHv,Spain,-1,5,1,40,1,7,9
R_1ObIYAuO5wd2Asd,Spain,0,2,1,50,0,5,4
R_b2A0XDfUxv4mBVj,Spain,0,6,1,61,0,6,10
R_1Tia423tXXZRJM9,Spain,-2,1,1,63,1,7,4
R_cwNHUdYfF2UUhZr,Spain,-2,7,1,32,1,7,4
R_b18DULNIZ84GIv3,Spain,-1,5,1,39,1,7,6
R_exHUMUwjse7ZxLT,Spain,-1,7,1,51,0,1,4
R_5njkrzXELisfAcB,Spain,1,5,1,29,0,7,2
R_7WINeDi177FoV9z,Spain,1,3,1,36,0,7,6
R_3slUkageSSGmWUZ,Spain,0,0,0,70,0,2,8
R_74zT9nkyu29gK5D,Spain,-1,3,1,36,1,6,6
R_ctJ1wzF3iRMI0L3,Spain,0,7,0,33,0,5,2
R_86xriaEHXKNpp0V,Spain,-1,6,1,60,1,7,9
R_a5iGmqZCT8Bp44l,Spain,1,5,0,56,1,7,9
R_9TAk2DFaotVUMmx,Spain,-2,7,0,35,1,4,4
R_0eKd30eUwYv87JP,Spain,-1,5,1,32,1,6,4
R_0OkSOOk7fTcPQFv,Spain,1,2,0,52,1,5,10
R_0OCY8zHk7bwYXJj,Spain,0,5,1,42,1,6,8
R_2rEcdlnEJPj3YuV,Spain,-1,2,0,52,1,3,9
R_b89CRVtlOyn5aC1,Spain,0,5,1,29,1,7,9
R_dpd79eekQFArWdf,Spain,1,0,1,47,1,6,6
R_73Zwx8Etr2zMp1j,Spain,-2,0,1,55,1,2,4
R_blM0Tql23XzPdpH,Spain,0,2,1,31,1,7,9
R_bf5Ux1YV3Soz9yt,Spain,0,4,1,47,1,5,2
R_41r5yDXoRqqFGux,Spain,1,3,0,31,1,5,7
R_bgw0DEL9AaHsLrf,Spain,1,3,1,37,0,5,1
R_e8W4BDTuK8iFPKt,Spain,2,2,1,40,0,7,4
R_5pyoaI8Z18pk36R,Spain,0,3,1,47,0,1,2
R_dnXtjxSaDx0OeBD,Spain,0,8,0,51,1,6,9
R_7U2xCN6qbgbnUZ7,Spain,1,0,0,58,1,6,9
R_bO6of8JlpHnexXT,Spain,2,6,0,55,1,2,5
R_88R2yvsf6u9pKaV,Spain,1,2,0,40,1,3,3
R_08x0a5nUS8q05G5,Spain,0,3,0,35,0,7,4
R_380bE7QOecrFStv,Spain,-2,3,1,40,1,5,7
R_bDU9Sopn2RS6l25,Spain,-1,5,1,45,1,3,4
R_41m4DOcSirdTKuN,Spain,0,5,0,28,1,7,3
R_8iBt4XsyBIt3Hdr,Spain,0,1,1,53,1,2,2
R_ewWRpeQ2qh1qjXL,Spain,1,3,0,42,1,7,7
R_0p8SC0iOp7ia2Sp,Spain,0,7,1,45,1,7,4
R_bD7QMacOUksSbI1,Spain,0,3,1,39,1,5,10
R_9LHlw0YBfCZXW8l,Spain,1,2,1,62,0,2,6
R_5AX7Er5nIdUGL6B,Spain,2,6,0,42,1,7,10
R_4YkwopA8HY4LKQd,Spain,-1,5,1,48,1,4,5
R_8o8P41INbqXtRUV,Spain,0,6,0,25,0,5,3
R_25IozR2aT7vrVat,Spain,1,4,0,31,1,6,9
R_aaFkSDYgptrirdj,Spain,-2,6,0,52,1,7,9
R_eKX960BcKVf8nJj,Spain,1,7,0,39,1,3,4
R_bKHDbqTviwbs3LD,Spain,-1,6,1,38,1,7,5
R_cuQiwa5Dei7AAnP,Spain,1,6,1,47,0,5,4
R_8k4o4VtWrpKZFtz,Spain,-1,2,0,39,1,3,2
R_1yOLnMEYEX9kxOR,Spain,1,5,0,51,1,5,5
R_9YO6iBjgxdXsbjL,Spain,-2,2,0,47,1,5,1
R_2cbD39ESRyR47NX,Spain,1,10,0,26,1,1,2
R_6sXihZSIWZIPFnD,Spain,1,2,0,36,1,7,8
R_0kzEZAYlaSB2qix,Spain,0,2,1,41,0,2,5
R_0dYVPKzsN22A8y9,Spain,0,3,1,47,1,7,2
R_4Njbt2Hln3BB2OV,Spain,0,1,1,48,0,7,5
R_0kVISVQz9WR9dvD,Spain,-2,4,1,26,1,6,4
R_8emOP9VySe5GM3H,Spain,-1,4,1,45,0,7,1
R_0IA0pf0iBHt9Iq1,Spain,2,0,0,44,1,2,3
R_0uLrHJ9anko4IBv,Spain,-1,2,1,51,0,2,1
R_eRoOzMpjVrvbrFj,Spain,0,3,0,42,1,5,6
R_5jzZxFvUCXiaqNL,Spain,2,5,1,31,0,7,4
R_cSyv3WUcNIEXFGJ,Spain,-2,5,1,59,1,7,9
R_24c4gqIzQOTksN7,Spain,-1,0,1,40,1,2,2
R_eznNTkaYnUgxGND,Spain,0,5,1,68,0,2,6
R_6gpoLXHztxys5mt,Spain,0,3,1,56,1,6,8
R_7VyxBxH18iVGtil,Spain,0,4,0,55,1,6,9
R_bpiockYJ4S6nSSh,Spain,-1,4,0,49,1,1,1
R_cMkCeWhEieRrnMN,Spain,1,6,1,64,0,7,8
R_5pyAGt5vXXCWmQ5,Spain,0,5,0,41,1,5,2
R_dnliJ7lQAc2DbIF,Spain,0,1,1,47,0,3,4
R_8crf13y90GPVhad,Spain,0,5,1,39,0,2,2
R_bJ9p5APWzKPDyER,Spain,-1,5,1,47,0,6,3
R_cBm63uz4mQPRJ0F,Spain,2,3,0,58,1,2,2
R_00zOKobCkkCZcWN,Spain,-1,2,1,24,0,6,4
R_8eNn7JuFEBt9Ju5,Spain,0,1,1,26,0,7,4
R_3UBCN6zg5Op2Mpn,Spain,1,0,0,37,0,5,1
R_8qD4iRXG8L6Dpjv,Spain,0,5,0,43,0,3,1
R_0IEF1nFzNpndWbH,Spain,0,4,0,38,1,7,10
R_b9l6A93gX51PSsJ,Spain,1,0,0,39,1,2,6
R_3RjTLVK8wQ9QLGd,Spain,1,3,0,43,1,6,9
R_9TEB9ZXM1fsVv2l,Spain,-1,5,0,49,1,5,6
R_57loVK06NXl188J,Spain,2,7,1,33,1,1,3
R_8oYjMOFKtS8RpzL,Spain,2,5,1,55,1,7,9
R_cOOkoUD3SPLJu3b,Spain,-1,4,1,54,1,7,10
R_3BPCt1mqDrp5yxn,Spain,1,6,1,32,1,7,2
R_6oq9nn6OlL8TfBb,Spain,1,6,0,44,1,7,7
R_5jXAZWiFm1l7DV3,Spain,-1,5,1,46,0,1,1
R_8HUegfHUaSZLh4h,Spain,1,4,1,29,0,7,9
R_d6Dlk7kqnD6l6nz,Spain,-1,5,1,46,0,2,1
R_9ZxQdTU8LY88Otn,Spain,0,6,1,43,1,6,4
R_5hkJA5JGIt1giln,Spain,-1,1,1,38,1,3,5
R_2lVFoEjQu93WrtP,Spain,0,6,1,60,1,6,9
R_1FcGUsEjtKi2FUx,Spain,-2,5,1,45,1,1,2
R_0upVnGbkGy7ER8N,Spain,-1,10,0,67,0,1,1
R_cuosy8eCyjrfJT7,Spain,-1,3,1,43,0,2,1
R_3CNYlvW0SNvWHlz,Spain,-2,6,1,47,1,2,4
R_5cMHXYbiuR4qDad,Spain,0,6,0,40,1,7,10
R_3kt0LEYyZm5gIi9,Spain,-1,2,1,50,0,4,9
R_07VWvOFiJAcFEHz,Spain,1,3,1,45,1,7,4
R_6EW1og5eXOXuw2F,Spain,0,5,0,47,1,2,7
R_0CUlssGHR5C2SgZ,Spain,-1,5,1,32,1,6,4
R_4YFdiKdX6Gyp2Gp,Spain,1,4,0,25,1,3,2
R_8xmjiqwQx6T6hXn,Spain,-1,3,0,51,1,3,4
R_8oAUrbzK2jitSWF,Spain,0,5,1,51,1,6,7
R_6RuNSsCwh4STHX7,Spain,-1,6,1,46,1,5,9
R_6FgJhGPxeAxlgGh,Spain,1,0,1,44,1,5,4
R_3xQqZLY1V7E7Lz7,Spain,-2,5,0,26,0,2,1
R_b3MvIjwpk7TfRch,Spain,0,5,1,53,1,3,5
R_0UnYyXXoZOTSldH,Spain,1,5,0,26,1,1,3
R_1IggXofV3il6Ivj,Spain,1,2,1,29,0,5,3
R_eR32iWvYXySoAUB,Spain,2,3,1,26,1,7,8
R_d7ujNJHLt8i9aYt,Spain,2,1,0,34,1,7,1
R_1GmglPyE0QdB3db,Spain,0,4,0,42,1,2,3
R_1RNSeXWumGXg2Vv,Spain,0,1,1,28,0,5,3
R_eP26nOVfP3BbZLT,Spain,0,7,0,60,1,4,2
R_5hgCy99q3OuscYJ,Spain,1,2,0,50,0,3,9
R_bszisGXpxzLHnW5,Spain,-2,5,0,45,1,5,8
R_blUDaVxIoXq5vs9,Spain,0,3,1,32,1,6,7
R_1G1ttzo6cE7KtZH,Spain,0,2,1,46,1,7,9
R_1H2eorOH1kKUP53,Spain,1,5,1,51,0,7,6
R_0v9v8nhkSmLHtHL,Spain,2,0,1,32,1,5,4
R_5onioQl0qxnv9Pf,Spain,0,5,1,55,1,7,7
R_9AeGAGXJ6qgBRJj,Spain,0,7,1,37,1,6,9
R_eXqZAkwHx3iLFE9,Spain,1,5,1,29,1,2,1
R_b91JrtzY3J7bd89,Spain,0,5,1,29,1,5,1
R_2fa14ZugJETgAHX,Spain,0,0,1,28,0,6,2
R_73Pre4I0q4zHsgZ,Spain,1,2,1,38,0,2,9
R_7WzJMvMe650Ct13,Spain,-2,5,0,32,1,6,9
R_6lJcC4ilEFBwWMJ,Spain,1,0,1,52,1,5,5
R_37R1PRbKfIQltJP,Spain,0,7,1,33,1,6,10
R_2t2GNKMveDis0kJ,Spain,0,6,0,42,1,4,5
R_7UIbsHun4boyMkZ,Spain,0,2,1,30,1,4,9
R_8vsyPXDfyQl0eCF,Spain,-2,5,1,30,1,2,2
R_e4Hpq49syXgBB7D,Spain,0,5,1,43,0,3,7
R_863NDw5fG8IJiIt,Spain,0,5,1,30,1,6,3
R_dbDbvqISbkdWhsp,Spain,0,4,1,60,0,3,9
R_7ZL7yt0trCriwKx,Spain,-2,5,0,59,1,6,9
R_a3LJIiYush293HT,Spain,0,2,1,55,0,3,1
R_0dKootUjpLjTbEN,Spain,1,3,1,35,1,3,4
R_0k4X2PY6hjueHGZ,Spain,-2,5,0,43,1,7,5
R_5tg2cfSqS51LVkN,Spain,0,2,0,39,0,6,4
R_1StpCy0dQxXvbSd,Spain,-2,4,1,35,1,7,4
R_9YMHVmdmWxObHaB,Spain,0,5,0,40,1,7,6
R_4HBWp1GYkQBQ2Sp,Spain,-1,5,1,53,1,2,4
R_0VVndrAygyAX88J,Spain,-1,3,0,41,1,7,5
R_5ztwI14UAXg0r9H,Spain,2,0,0,62,0,7,10
R_4INcUO9SFaaJLCZ,Spain,1,1,0,26,1,7,3
R_8tYmiWJOLAriR93,Spain,-1,2,0,62,0,3,4
R_cN4ilWVsTIJrSdL,Spain,0,7,1,42,0,2,2
R_0ALp6hpCJUymYMB,Spain,-2,10,0,45,1,2,3
R_6Gcn0yE15jIuZpP,Spain,0,7,1,56,0,4,7
R_9MpKckzwkEDzYFL,Spain,0,5,1,39,0,7,2
R_6tkJvrHcnMUBIeV,Spain,0,4,0,35,1,5,8
R_26nwUaSwYyDOuq1,Spain,1,2,0,48,1,4,8
R_7ai2rEB9BppAHM9,Spain,-2,7,1,46,0,2,1
R_bsJQPQf09CMqd25,Spain,0,3,1,65,0,6,4
R_3n54tZsFc3jLfq5,Spain,0,4,0,65,0,2,1
R_0qzgLIxqT2HpcnX,Spain,-1,5,0,42,0,2,1
R_dj6jhYpEy8aJVUV,Spain,0,2,1,47,1,2,4
R_81YOXLFJ2P43GoB,Spain,1,3,1,37,1,7,6
R_26oHUpofOUtoIHX,Spain,-1,5,0,33,1,6,10
R_9G0LVSH4g6riOGh,Spain,1,4,0,55,1,3,7
R_e3EXS30itjKSuk5,Spain,-1,5,1,39,1,7,6
R_8uMjctiHSvpN2hn,Spain,0,3,1,36,1,7,9
R_9pG9EKSabASplC5,Spain,1,4,0,36,1,6,3
R_1KRqLB99pualsB7,Spain,-2,2,1,31,1,6,10
R_b3qlFGudGpo58Bn,Spain,1,8,0,39,1,5,7
R_2l6Bo0SVFGPtqtL,Spain,0,5,0,38,1,6,8
R_ctJdxHHVWV2uc0B,Spain,0,2,0,34,1,5,9
R_bjU09DBXlokI72J,Spain,-1,6,0,50,1,4,6
R_7WX2F2Y9COCvm7P,Spain,0,5,0,42,1,7,10
R_71dRkmUzX5yNb01,Spain,0,2,1,39,1,6,6
R_af4viseLPMh6Yyp,Spain,-1,7,1,41,1,5,3
R_eDSpqvCLe8De1ut,Spain,1,3,0,23,1,7,10
R_bpdonlTYhaYEneB,Spain,0,8,1,43,1,7,8
R_24b4csdEo5d1W1n,Spain,0,2,1,35,0,2,4
R_8qwDFNeMVlLfX1z,Spain,2,0,0,36,1,7,8
R_9ZWpA8gjdBWWk0B,Spain,-2,7,0,35,1,1,5
R_cXZwY3iUNgZU2cB,Spain,0,5,1,46,1,2,2
R_daqZEB5x108VXJr,Spain,-1,2,1,40,1,2,2
R_02lbINO0IjAEOB7,Spain,0,5,1,46,1,1,4
R_1Uf0x2giePfV509,Spain,1,5,0,40,1,5,8
R_5cGYa2sxSBKeAx7,Spain,0,5,1,42,1,5,7
R_b1nd8FCKne5nVwF,Spain,2,1,1,42,1,7,7
R_beCHiMb7CSg38BD,Spain,0,5,1,41,1,2,6
R_e4i5CHbIcajBvO5,Spain,1,4,0,58,1,2,6
R_ePRkffEOa5EcpRH,Spain,0,5,1,42,0,2,2
R_b7oGPJKS8oqUnxH,Spain,1,0,1,51,0,3,2
R_5ng9IOvXRF36M4d,Spain,-1,0,1,53,0,6,5
R_ewUexdGEhx4BFeB,Spain,1,3,0,37,1,7,6
R_eyN2eRtcw5fWhzD,Spain,1,7,1,36,1,7,4
R_dhEYJ9VEh8VNVWJ,Spain,2,0,0,29,0,6,4
R_8xi0rWSCNkKR1CR,Spain,-1,5,0,37,1,5,4
R_dmUY1wEIeWLt7Bb,Spain,2,0,1,61,0,5,2
R_3BFDRQoILsR4zGZ,Spain,0,3,0,67,0,7,9
R_eSgUWmvgi4AFdtP,Spain,2,0,1,58,1,4,3
R_b2Uje4hw9rpEvvT,Spain,0,3,0,39,1,6,9
R_3ylMBiE6yHGbDP7,Spain,-2,8,1,38,0,5,7
R_0JHO93z9b7HfFhb,Spain,0,8,1,41,1,2,8
R_e5peivdQZLJyqk5,Spain,-2,9,1,25,0,7,6
R_6flmOL0JOAr5Krr,Spain,1,7,1,37,1,7,9
R_4HjziEOIKPzU9zT,Spain,0,5,0,28,0,7,3
R_06Cu1bDl1rQPrF3,Spain,0,5,0,24,0,7,3
R_cIp7VzA1aHvRpNX,Spain,0,7,1,36,1,6,4
R_5iL85wtWXoKd7JH,Spain,-2,4,1,45,1,3,6
R_7V6JcLU9eakGVZb,Spain,0,7,1,47,0,2,3
R_02IEK9j1PxT9M5D,Spain,2,0,0,42,1,2,4
R_3lzoCCtSSjHu6H3,Spain,0,5,1,51,0,7,5
R_cVbrPHe0ONWYkkt,Spain,2,3,1,60,0,5,4
R_1ENEVtZTMzDpNEF,Spain,2,5,1,34,1,5,5
R_eP6ntJVh70M3B6R,Spain,2,2,0,39,1,6,8
R_bmyeJLqUQLRjw8t,Spain,-2,3,1,39,1,2,2
R_a9jBsKBBHtnR0RD,Spain,0,0,1,31,1,5,2
R_570b5f0AlKkiArr,Spain,0,2,1,54,1,6,3
R_cA2cpNOwbWrlNWd,Spain,1,0,1,57,1,5,8
R_9nLN3uBWulIRAwt,Spain,0,5,1,51,1,2,3
R_3gj2gduVESwGVgN,Spain,0,9,1,47,1,5,4
R_79tfLx2f0d3ktuZ,Spain,-2,5,0,60,0,2,2
R_a5KoghJj4xdrknH,Spain,1,4,0,39,1,7,8
R_43cHrtwFVt8e6l7,Spain,2,3,1,44,1,3,8
R_bO5hpKY2TJBg7dP,Spain,1,4,1,49,1,4,1
R_6ygbNkC3kaSKGr3,Spain,0,10,1,46,0,3,6
R_abGghAXuG9r7ae1,Spain,0,3,0,28,1,5,4
R_5svm15vgym8OeuV,Spain,1,5,1,39,0,1,1
R_5bwzaRPwEIWbyS1,Spain,1,5,1,40,1,4,8
R_8jJJ3lVDnAvcz6l,Spain,-2,5,0,30,1,6,9
R_5zm1XMBLtY0xGex,Spain,1,6,1,28,1,7,3
R_4IrfZ7SKsdvu1kF,Spain,1,2,1,34,1,7,6
R_eKBybohCJ5W68tL,Spain,-1,5,0,28,1,5,4
R_9QtAbCzmSvLQzRj,Spain,-1,6,0,33,1,4,3
R_9WUOVppKnFaj7aR,Spain,1,8,1,37,1,6,7
R_eG5BE5Hqc8hLzSJ,Spain,0,7,0,33,1,1,3
R_0pociYZ7gfJyivX,Spain,2,2,0,46,0,6,1
R_8vTn5jFF9W4EW8d,Spain,0,3,0,34,0,7,4
R_3Wdsjz6bBtsKDCB,Spain,0,5,0,26,0,7,1
R_4NqbJ4xWqSvbyiF,Spain,-1,5,1,38,1,6,3
R_2sj35Hv8MBpCzBz,Spain,0,0,0,29,1,1,2
R_8cBCncWHDgj6qMt,Spain,0,0,0,24,1,3,1
R_3fRrnT4FctFc5Kt,Spain,0,7,0,36,0,7,6
R_eScd2f4qJ1goqrj,Spain,-2,9,1,39,1,3,4
R_6GrPAkxCmFzL4C9,Spain,2,6,0,34,0,7,10
R_0BB7xaMdl8AvYih,Spain,1,3,0,24,0,5,4
R_e5VncHV9ETllZOd,Spain,0,3,1,36,0,4,2
R_6KbfMmu0OrGvtOd,Spain,2,3,1,54,0,4,1
R_9mDIRyAU5rD70ON,Spain,-2,4,0,39,0,7,1
R_3P2gE0rXGkvCTdz,Spain,1,2,0,30,1,6,4
R_8p5JAYiz1AVfyHr,Spain,-1,2,1,35,1,5,6
R_23jSTEXbuFdwMRv,Spain,0,8,0,26,0,2,4
R_3ecRSJ4PWXbNx0p,Spain,1,6,0,32,0,2,1
R_82P3GIzpsBnrUoZ,Spain,1,2,0,36,1,4,3
R_cDcs1vS42ndistf,Spain,0,10,0,35,1,7,10
R_8d1pSBrQgqnyFvv,Spain,0,7,0,30,1,6,7
R_dhTl8rFKzU4ms6N,Spain,1,10,0,30,1,2,2
R_2tceExTQcwhr0G1,Spain,2,1,1,39,1,3,8
R_bsyxZ9fNswKNSId,Spain,-1,8,0,36,1,6,10
R_9RHdul2OkokA7tz,Spain,-1,5,1,29,0,5,3
R_1ADxY5PZ9OAL0BD,Spain,0,2,0,38,1,4,3
R_41woKRI6BiLGnqt,Spain,0,8,0,30,1,2,10
R_514SMsB6UaGEJ6t,Spain,-1,4,0,39,0,2,3
R_6KmRNBOrQpF86Q5,Spain,2,0,1,35,1,7,4
R_03fgm1ZHhqQCQoR,Spain,0,0,1,33,1,6,2
R_cUgfd8kdnHV8vbf,Spain,1,0,0,39,1,5,5
R_0chZrFhcuKCls69,Spain,-2,10,0,26,1,2,6
R_acarB2zIEt2Eujj,Spain,0,7,0,35,1,7,9
R_06dc8LUpmcHpNtP,Spain,0,5,1,36,1,3,3
R_3rzmdSke9H99S5L,Spain,0,7,0,32,1,7,8
R_3yYzXgUwGwVeKcB,Spain,1,6,0,22,1,3,5
R_9NO5I2JE7evHqyF,Spain,2,7,0,31,1,6,7
R_9RK8ipLK8YpqeNf,Spain,2,4,1,31,0,2,2
R_8w9FLiqqh6GF3Lv,Spain,1,4,0,39,1,4,6
R_6urnQFhZqaojcDr,Spain,2,0,1,19,0,5,7
R_emV8NKPG6Uu2zv7,Spain,0,4,0,23,0,5,7
R_6SfWnrtETNQFdaJ,Spain,-2,0,1,35,1,1,5
R_3mI4aFR0tSQCvhX,Spain,0,0,0,30,1,7,8
R_2frjVdw4uTwGifH,Spain,0,10,1,42,1,1,6
R_6EeYqCvFu926jSR,Spain,0,5,1,25,1,6,2
R_73tq4UpBYpu2uQB,Spain,-1,2,1,34,0,6,1
R_0VAHqxF0qG9deMB,Spain,1,4,0,35,1,5,8
R_26am9D78CUpDXYp,Spain,1,4,0,31,1,7,9
R_00wM0jz2T0x9i2p,Spain,0,3,0,29,0,2,7
R_3La4epkyD3dizdj,Spain,0,3,1,31,1,6,5
R_6ulDIerDd5JUnAx,Spain,0,4,0,36,1,2,4
R_07ohFqS1CJ1fPnf,Spain,0,2,0,34,1,6,4
R_6rrggJAU3v9fpFr,Spain,-1,7,0,39,1,6,5
R_cIy0Zjgu8Q8Xxfn,Spain,1,6,0,36,1,5,3
R_6Pv8dD5CZcd6asl,Spain,2,4,0,40,0,2,2
R_0jhh2RZRKcMlHg1,Spain,1,2,0,29,1,5,9
R_2sNg1v6tZxyMJPn,Spain,1,3,1,35,0,7,4
R_4M9hn0eX526iGe9,Spain,1,1,0,53,1,7,3
R_0HcVlVb2cnEbjQV,Spain,0,8,0,33,1,7,7
R_elMORJTEu46zrMh,Spain,-1,7,0,26,1,2,8
R_dgsy92OxmXhst8N,Spain,1,2,0,22,0,4,2
R_cCmRSfc8FTXSp2B,Spain,0,6,0,25,1,7,2
R_9KUdKWidcMVFK3H,Spain,-1,3,1,62,1,3,3
R_4IKBbes4Hx1HQOx,Spain,-1,2,1,37,1,2,8
R_39Fnw6zGNJ7V5NH,Spain,2,5,1,33,1,4,9
R_5gLXUjdRDgfzeW9,Spain,2,10,0,19,0,3,1
R_1QUa4hvMMl4Q5lX,Spain,0,4,0,39,1,5,8
R_6QejXZhm1ZPLiMB,Spain,1,5,1,35,1,4,3
R_b44kQ5tnGbALlvD,Spain,1,0,0,34,0,1,1
R_1zYVtja5n99iwAd,Spain,-1,4,0,46,0,2,3
R_9X0sStlT6iyk4kZ,Spain,1,1,0,30,0,6,2
R_bacqiWIwEM6JXTL,Spain,0,0,0,30,0,5,2
R_b94HJ6ScWvk5vlr,Spain,0,7,0,39,1,7,6
R_2gHP2BornrcpDF3,Spain,2,7,0,60,0,6,4
R_9HuSNc4cm0VvdcN,Spain,1,3,0,25,1,7,6
R_8uMpNoQhNNsqA17,Spain,-2,5,1,23,0,5,1
R_6GpqGGh4831GYcJ,Spain,2,7,0,34,1,7,9
R_0IlKEElNu5WfoTH,Spain,0,5,0,27,1,7,6
R_25F9YhzmDLcmSaN,Spain,0,6,0,28,1,6,10
R_0Gm9xdq86S0LPCt,Spain,1,6,0,36,1,5,6
R_2n6WiXSwlaceLT7,Spain,0,6,1,27,0,4,2
R_02r8dMMgI6l3NSl,Spain,1,9,0,31,1,5,7
R_afzFHeuwNsdrREF,Spain,-2,7,0,32,1,1,2
R_6tUuxhtOmeNjQKV,Spain,2,3,0,41,1,2,5
R_9QTOXpIzxxKk6yN,Spain,-2,4,1,27,0,6,1
R_4IOTpbvrluQVBhX,Spain,2,1,1,33,1,5,9
R_56hCQNJDNLimx6t,Spain,2,5,0,39,1,2,4
R_4SJOPNRk6DQ11Hv,Spain,1,0,0,39,1,2,6
R_5subtpcrUERyEct,Spain,-1,1,1,41,1,6,4
R_b1a0TP640bVu3tj,Spain,0,9,1,37,0,2,3
R_1B6JUOMQ6evcYBL,Spain,0,7,1,39,1,7,3
R_8GSd3AMN5hpjwhL,Spain,1,2,0,38,1,6,4
R_dcol4z3nGXrCV9P,Spain,1,7,1,29,1,5,4
R_2rSCBwMpVQIbVbL,Spain,1,4,0,29,1,2,4
R_6A85AtvSrlYJRWd,Spain,-1,8,0,37,1,5,9
R_b3DGKsL2CLtvATb,Spain,1,2,1,22,0,6,8
R_20nGFzp50uRGS7r,Spain,2,4,0,19,0,2,3
R_9v18D2fPzPLm1pP,Spain,0,5,1,34,1,7,4
R_eSbiaDShPATEpgN,Spain,-2,5,0,24,0,3,1
R_0qYrSd3nq5KXu6h,Spain,0,3,0,34,0,3,3
R_3px1ErysWMwP9Xf,Spain,0,6,0,28,0,1,4
R_9EPzTUbgsL6rNB3,Spain,-1,5,0,39,1,1,4
R_3h29RqYPfPKgjEF,Spain,2,10,1,31,1,7,6
R_1BKNOOzknM0pz3D,Spain,-1,5,0,28,1,2,4
R_brr7L8zNnUbVZGt,Spain,0,5,1,30,1,5,6
R_7Wi3VRfyj59LyaV,Spain,1,2,1,28,1,5,1
R_77N5oCeEQZ08RH7,Spain,-1,7,0,38,0,3,1
R_5ALXFSSv319iJ2l,Spain,0,3,1,39,0,4,2
R_8CXnDyP5yGMEdjn,Spain,0,4,0,34,1,2,3
R_9Hra0GnG0Hrybkx,Spain,2,4,1,24,1,7,6
R_4ZWsEyOgbqNCMdv,Spain,-2,10,1,45,0,5,2
R_5gpExn21ojWo9hz,Spain,0,5,0,39,1,5,2
R_6lg6CDBxDFLbwG1,Spain,1,2,1,38,0,5,4
R_cwEaxtqnsMvm3LT,Spain,0,5,0,49,0,1,2
R_8wdFanoVohLdddz,Spain,1,3,0,30,1,1,4
R_dhhBwCOJwKKhZ9H,Spain,0,5,0,69,1,2,9
R_bdd7XgtWsrFq9IV,Spain,1,5,0,35,1,7,4
R_bO5vfHETXBoUKGx,Spain,2,7,0,39,1,6,8
R_0og5FQbDb0hUouN,Spain,-1,5,1,38,0,6,9
R_6txwM8qoxjXWPwp,Spain,-2,1,0,62,1,7,10
R_7OnDNZe7YPHtVeR,Spain,1,3,1,26,1,7,5
R_40e0hYUCyi5cZWR,Spain,2,5,0,35,1,5,4
R_1BasZza8673dbAp,Spain,1,1,1,22,0,6,7
R_6hf4TvBxfOGSf53,Spain,-2,5,0,31,1,2,1
R_38blIiBTsxxuTNH,Spain,1,1,0,34,0,2,1
R_0GIlFgcF9Dvrugl,Spain,0,6,1,27,1,7,6
R_1Cchdy7yWDir4Pj,Spain,0,0,0,48,1,1,3
R_5hwFlode5ttDl3v,Spain,-1,7,0,39,0,3,1
R_1HTxkgjfSjWApRb,Spain,-2,6,0,44,0,5,1
R_1TZ5KQe2nxzXZmB,Spain,1,5,0,30,0,6,7
R_9Fy9DKPXVDao2j3,Spain,1,6,0,26,1,1,3
R_3drLLJOUDznu3Pv,Spain,2,5,1,26,1,2,7
R_3OBJZ3mnIEOf0tT,Spain,1,5,0,35,1,7,9
R_6DwtZUxM6IltTcV,Spain,0,2,1,22,0,5,6
R_1Sude6J2DTIOOzj,Spain,0,5,0,31,1,4,4
R_6SbazJ1rwN6sDkh,Spain,1,0,1,29,1,2,2
R_2rioz56BStWkak5,Spain,-2,5,0,27,1,2,5
R_3qLDTVl5q9VT6rb,Spain,-1,3,1,25,0,5,1
R_elAI9ETg1plH6pD,Spain,-2,9,1,43,0,5,4
R_7VxdvTOg8GptNC5,Spain,-1,10,0,53,0,3,5
R_b1IX0bixtjmGn6B,Spain,0,3,1,62,1,7,9
R_40jSmPVTngISLm5,Spain,0,0,0,35,1,5,9
R_eVvMnTjDwHCh9lP,Spain,-1,6,0,36,1,7,7
R_3wLy6r6e9QVyy6F,Spain,2,0,1,39,0,7,4
R_3Rkyws6E9EKmQlf,Spain,2,2,1,24,1,6,9
R_7THkHdg9EAwGm5D,Spain,1,0,0,28,1,5,6
R_eQZXXCczUM85GRf,Spain,1,0,1,31,1,7,10
R_eDTitke48jiM9cp,Spain,0,3,0,36,1,6,5
R_5pO4tKpTGhcG8oB,Spain,0,1,0,36,1,4,6
R_3OTBc31jrekwmON,Spain,1,3,0,40,1,7,9
R_9YsweAFX6PtJctD,Spain,-2,6,1,37,1,7,8
R_3JoCQLlOnH6aVRX,Spain,1,0,0,37,1,2,3
R_6Sd7VqSTFqD2Xn7,Spain,1,3,0,25,0,7,10
R_bqkXHlwisdvldv7,Spain,1,6,1,35,1,7,9
R_77edRuCpHQynhFb,Spain,1,5,1,38,0,2,7
R_bkeD4uyQmck5KaF,Spain,1,1,1,26,0,4,7
R_6EjYZtlXQ9CBB0V,Spain,1,1,0,36,1,7,8
R_ea4SjYYUyREOXrv,Spain,-2,7,0,36,1,3,4
R_0O0hGxX0IFARWgB,Spain,0,5,0,44,1,5,3
R_55dMtpqh8bVL2xD,Spain,-2,5,1,37,1,7,5
R_4YDusqpRHJraJYF,Spain,0,2,0,24,1,7,10
R_5uywot5lC8zwakR,Spain,0,3,1,20,0,2,1
R_ehwZ6rVLXV8ZDtb,Spain,0,3,0,34,0,3,3
R_5i2LNplSY2amVAp,Spain,-1,0,0,37,1,3,5
R_2uaaN9meAClJBnn,Spain,1,3,0,37,1,7,8
R_bvC8GnF6M8pYH4h,Spain,-1,2,1,33,1,5,2
R_8jLdioHDP95jiu1,Spain,1,0,0,27,1,7,8
R_cNJ1JZigupP5XBr,Spain,-2,10,0,41,1,7,9
R_0xJS1BxYkTDOSPP,Spain,0,4,0,39,0,7,3
R_cA6k0X3NWUJaBSZ,Spain,-1,8,0,57,1,7,10
R_2tmnQBrzFwFS0jH,Spain,0,5,1,37,0,1,4
R_cT3PtI3cFq1xkt7,Spain,0,3,1,36,1,7,9
R_3WdDGmsx3UgaNnv,Spain,0,4,1,34,0,5,8
R_ctNe9JalBHHBKAd,Spain,1,2,0,39,1,7,9
R_00wzg0o84Nr26Al,Spain,0,6,1,32,0,4,1
R_1Gj3QghuKZ9cSix,Spain,0,6,0,52,1,4,3
R_doHrCb1JKuRWrOt,Spain,1,4,1,38,1,7,6
R_4TaqSmOcwOWktBX,Spain,-2,0,0,56,0,4,1
R_cRO8BkD7636Z8d7,Spain,0,3,0,41,1,6,4
R_3dQtWN5GuPQUAOp,Spain,1,0,0,37,1,5,1
R_5gswD6ADMql8wHH,Spain,0,2,1,34,1,7,9
R_5vR3dI1PVJ97NxH,Spain,1,4,1,64,0,4,8
R_e9ElPHvGLAXFG8B,Spain,1,5,0,27,1,2,2
R_88lAvCgQSMbETrf,Spain,0,8,1,29,1,5,1
R_5t1XFV4oVL92Mw5,Spain,0,7,1,31,0,2,5
R_6F56hZ5dro9J3ox,Spain,-1,7,0,60,1,3,7
R_39vKAFHp2gik6MJ,Spain,0,5,1,43,1,5,4
R_blrmEG5S9DPYki9,Spain,0,7,0,32,1,7,8
R_bxgAh51P0tUKj8V,Spain,-2,5,0,41,1,2,7
R_24OxWtnZwwOIWWN,Spain,1,5,0,45,1,6,5
R_57iQRh3MUfHcvyZ,Spain,-1,9,1,52,1,6,1
R_7TIymoWKLJghQwZ,Spain,1,1,1,45,1,2,7
R_0TdVEYOV4hOPD3D,Spain,0,2,1,51,0,7,1
R_09uHkRw0nG0ih93,Spain,0,5,1,63,1,6,6
R_3l03LHUULblpGbH,Spain,2,7,0,33,1,7,4
R_3sC2E8v9fkegFDL,Spain,0,4,0,22,0,5,5
R_ePPW2HJILTGxZJj,Spain,1,8,1,31,1,6,5
R_3sZe9zm8mCpB30N,Spain,1,6,0,36,1,2,1
R_38lwdAelbN4Dp7D,Spain,-1,6,0,29,1,7,9
R_3a7LhAM1169rn1j,Spain,2,8,0,26,0,2,2
R_3EgL28vbqCXk7Fb,Spain,1,5,1,26,1,2,2
R_6mOhUIXAqQHPpJ3,Spain,2,4,0,38,0,2,3
R_cUatOdAfM4mBHHn,Spain,1,5,0,32,1,7,7
R_0OGFeI4KyXRyE9T,Spain,-1,3,1,32,1,2,4
R_5aNLY0X0TPSNAnb,Spain,1,5,0,35,1,5,6
R_0BSt3l0sTx0nP6Z,Spain,0,3,0,28,0,2,4
R_4O5IGXA6EUwXCM5,Spain,0,2,0,40,1,7,6
R_9uc6NsZk9a4jpm5,Spain,2,0,0,31,1,7,7
R_1Aff0fVHrvlL2Wp,Spain,0,2,1,38,1,6,4
R_2n2oSrRHAKGaN2l,Spain,0,3,0,36,1,3,6
R_9XdNXSr65uIOVAp,Spain,2,5,0,28,1,3,4
R_3QclYsd0rE20xZX,Spain,0,7,1,33,1,6,10
R_4G6truw5xdB2Fmd,Spain,-1,2,1,38,1,6,6
R_cZSwST4zzABDptz,Spain,1,4,1,33,1,5,7
R_42OZ6Gj2fxsdd0V,Spain,1,2,0,39,1,5,7
R_9naEIHdbayzavOJ,Spain,0,3,0,35,1,5,6
R_cI6nJpQsMoC7ZCl,Spain,1,5,1,36,1,6,4
R_bNn7rZT1jWPFWLP,Spain,0,4,1,37,0,4,1
R_1GgzOj000ttJUIl,Spain,0,0,0,52,1,2,9
R_0V9Oh5hQ3PHTp2J,Spain,2,0,0,39,1,6,10
R_51nycDF15xVhBxH,Spain,1,4,0,36,1,6,4
R_daO52whfuTUOh0h,Spain,0,3,1,34,1,6,9
R_879gWL4Dlp8y3Gt,Spain,1,5,0,22,1,2,4
R_1SoZB5oW7PQq4PH,Spain,1,8,0,31,1,6,8
R_3XitEC87k8TyTYx,Spain,0,4,1,35,1,5,3
R_d0V3tAteJeqDm8R,Spain,1,4,0,23,0,1,3
R_0P8tSembvfk0ytT,Spain,0,0,0,28,1,6,5
R_5tqrpfFe6Dr60Ch,Spain,0,2,1,20,1,7,8
R_5nztdxSHU1XcEBv,Spain,-1,9,0,28,1,6,3
R_0Jno7Emt1JdsUqF,Spain,-2,10,1,36,1,4,6
R_40VwjFyhl3yoCkR,Spain,-1,10,0,38,0,2,5
R_eW0mRZiDjEQ6Aex,Spain,0,6,0,25,1,5,6
R_eUKeYG2ZAwC1CAZ,Spain,-1,4,0,35,1,5,1
R_aYppEosNwjM4w3H,Spain,1,3,0,22,1,3,4
R_3eklwvBzGfS0X89,Spain,2,1,0,38,1,5,5
R_3wxIFjiHHCw7Thz,Spain,2,0,0,36,1,7,10
R_3Q1R627UKerPMbz,Spain,0,3,1,34,1,3,5
R_7OGXjkrd7zZQuIR,Spain,0,3,0,32,1,6,4
R_cNjzQPsVtu5KXDD,Spain,1,6,1,26,1,7,2
R_40IIX1dEnk4XF0p,Spain,-1,4,0,32,1,2,5
R_1NXKhKy3M9iUi1v,Spain,1,9,1,38,1,7,9
R_0MSnGv81dGuh1Hv,Spain,-1,0,0,32,0,4,2
R_3CvqIIo1XVLQYx7,Spain,-2,8,1,31,1,7,10
R_064oaTxQqcVx4UZ,Spain,-2,7,0,32,1,6,9
R_ewK5FNOBOgJxhT7,Spain,1,3,0,33,1,7,9
R_djqvPcp28QhNSzb,Spain,-1,5,0,30,1,2,3
R_cT4NfxIhdV5ASEd,Spain,2,2,1,23,0,6,2
R_3gX1D8ibIWThnEN,Spain,1,6,0,26,1,5,6
R_3ZV816Hc2bEkvop,Spain,0,3,1,22,0,4,9
R_6tiRxlp2Wgwjbud,Spain,0,5,0,23,0,4,4
R_bvKaqmeilTmQlJb,Spain,0,4,1,38,1,6,9
R_eG0X8p82poUFz9P,Spain,2,6,1,45,0,5,2
R_2uGkF0CvjWtKC1L,Spain,2,8,0,30,1,7,10
R_cNLDu2tfou8RqTj,Spain,-1,3,1,27,1,7,7
R_cCPKi2suvMpKSUt,Spain,-2,6,0,30,1,7,7
R_6MxxmgWtk72XBsx,Spain,2,2,0,34,1,7,9
R_8CSVSQRQ3Tta581,Spain,-1,4,0,33,1,6,3
R_9n0yEAvTxFnxHE1,Spain,-1,5,0,38,1,7,9
R_0NiDUnG80A7luzH,Spain,0,8,1,34,1,6,6
R_cAMxDgDhj9gzblr,Spain,0,2,0,19,0,4,4
R_bCqnUBan42nPsbP,Spain,-2,7,1,29,0,3,3
R_5govoXyc7m8EJTv,Spain,0,3,1,39,1,7,6
R_5hzmBJUcTpn0zMF,Spain,1,3,0,21,0,4,6
R_bJJlMAV08u3SpWR,Spain,1,3,1,26,0,7,8
R_bOtCcmFlkJ4a2LH,Spain,0,6,0,36,0,7,1
R_7aoycRYVsT55pSB,Spain,1,0,1,51,1,5,1
R_9XZ82b5DEMVDRIh,Spain,0,0,0,38,1,6,10
R_e8wx9CvlS7Dr1rv,Spain,0,3,0,38,1,7,8
R_6XKYgnN9diJeQjr,Spain,1,4,1,30,1,7,2
R_8v4vYODCKnIZ4R7,Spain,0,4,0,36,1,1,2
R_1Y10lrq4mEvNMIl,Spain,0,3,0,18,0,7,7
R_e8z6eTQHcHxJfGR,Spain,1,1,0,35,1,6,8
R_5A2d5uCPYepSOcl,Spain,0,2,0,36,0,5,2
R_bBmbbHEla4dqgDP,Spain,-2,4,1,37,0,6,2
R_eb728Vf7jWIKsYt,Spain,0,5,0,25,1,5,1
R_86AheQ4zlKhFV2Z,Spain,0,3,1,28,1,7,3
R_bOCNttOuN1JaaDH,Spain,1,4,1,21,1,7,3
R_bwuzrCtqF1gCEQZ,Spain,0,0,1,23,0,4,2
R_5avR3WTLPgpcgnz,Spain,2,1,0,31,1,5,9
R_0I14so7tO330oOp,Spain,1,0,1,25,1,2,2
R_a3r2H3728NxcJ0x,Spain,0,6,0,31,1,6,9
R_d4sdg8Y8xK4US6p,Spain,2,4,0,36,0,7,7
R_6mSxk84GlYy2GEZ,Spain,-2,6,1,21,0,5,4
R_cFPPS8UB3fBjGf3,Spain,1,3,0,24,1,7,7
R_2oeQnSfkA0mMP77,Spain,1,3,0,26,0,7,4
R_0wx6RIIhOu5kQQd,Spain,-1,7,0,61,1,4,4
R_0w8jrmZUG9fH9u5,Spain,1,3,0,26,0,5,7
R_dbrQcAXgQXoi873,Spain,1,6,0,32,1,6,2
R_bdYSBqf8Rk1sHs1,Spain,1,4,0,29,1,5,7
R_dnGwmPplXAwHPdb,Spain,-2,5,0,33,1,6,4
R_8xkX5wjq0JnjkZn,Spain,2,0,0,35,1,7,9
R_cwmCHXHFoBAP3jT,Spain,-1,7,1,21,0,1,2
R_2fRAp85fk9Wwf0F,Spain,2,10,0,29,1,5,4
R_a3FrDdxC2kP59pH,Spain,-1,2,1,33,0,4,8
R_42bEv6Hg1pD12V7,Spain,2,3,0,27,1,7,10
R_6MqHhHyYfx4rYH3,Spain,0,8,0,26,1,7,8
R_bdrgetET08lymKF,Spain,0,1,0,38,1,7,8
R_6yFrbUHYXRjIipv,Spain,1,7,1,29,1,1,8
R_5bvGso8uE5bxB3f,Spain,0,0,0,31,1,2,2
R_b4btM1DSsLnyHGd,Spain,-1,5,0,24,1,3,3
R_b8J36G98gTMbQbz,Spain,-1,5,1,31,0,2,2
R_bNNgVZYauIpIR9P,Spain,1,3,0,30,1,5,4
R_bHhhAX795EbvmU5,Spain,0,5,0,18,0,2,3
R_eL4I45ft03QTPsF,Spain,0,6,0,28,1,7,5
R_5arh7Ar3Da2Rqex,Spain,2,8,1,33,0,7,1
R_b2vtd6SdmRzX1aZ,Spain,-1,5,0,39,1,3,7
R_0TkkyX4g6SZlXPT,Spain,0,6,0,26,1,7,9
R_3jDMVlJlrjIEOy1,Spain,1,6,1,27,0,5,6
R_2t2roc4hS0CC5pj,Spain,-1,2,0,38,1,7,7
R_dncv7ZzSOqtfHWl,Spain,0,5,1,26,0,4,1
R_7QZRehvxS82Y3l3,Spain,1,4,0,28,1,5,8
R_3gQsUQZi1aycTIx,Spain,-1,3,1,37,1,7,4
R_8qXaUlHodIfN3db,Spain,1,5,0,26,1,6,5
R_3acqhkLh8P2pJlz,Spain,0,2,1,24,1,7,6
R_0d47eJEV7cHFtfD,Spain,-1,7,0,22,1,7,8
R_43cwD5tMZb6DLrn,Spain,1,2,0,33,1,6,2
R_4OrlcpyKTImPOPX,Spain,-1,6,1,30,1,7,3
R_51Dtze4MOmq7qIJ,Spain,1,6,0,34,0,1,6
R_1R0gzYEj2pRQOkR,Spain,0,7,1,21,0,6,1
R_2f0qEFWJdkryGod,Spain,1,3,1,28,1,7,10
R_b2iWfbAsQlJ1nN3,Spain,2,5,0,30,1,2,5
R_0PaFQ54B2qrKnRP,Spain,0,5,0,39,1,2,4
R_72llw0yNYDjMsDP,Spain,1,5,1,28,1,7,3
R_cvjdxDwvJz2bn7L,Spain,1,2,0,24,0,4,2
R_b2PQWdsBcuGD2G9,Spain,0,3,1,30,1,7,3
R_4VhNMl0XmpFacFD,Spain,2,3,0,25,1,7,6
R_8xqwD4h3cUWBLI9,Spain,1,5,0,36,1,5,1
R_e2rCD4q8P7COXZ3,Spain,0,3,0,30,1,5,4
R_diEvaJ4vz9kkttH,Spain,-1,5,1,28,1,7,7
R_dh8NTOBTM9gpuuh,Spain,0,0,0,24,1,3,1
R_8uL7HTYZWA0uCOx,Spain,2,2,0,34,1,6,10
R_1RXUoBpGY9Jk8df,Spain,1,2,0,21,0,2,1
R_3UcDFNtkT7ypVdz,Spain,-1,7,0,37,1,7,6
R_e8TxbbVdwGys7fD,Spain,2,2,1,25,0,7,5
R_eS8jtGzPsspWNbT,Spain,0,0,0,25,0,2,1
R_5AqTJjyivVzLByZ,Spain,0,5,0,29,1,6,9
R_8df0K9uCEw5PnSZ,Spain,0,5,0,28,0,7,1
R_eJmGiGvYMN0tjJX,Spain,-1,3,1,26,1,6,1
R_6DSYKN49YJXku45,Spain,0,4,0,27,1,5,4
R_cSWLImbhwr0DD3D,Spain,2,0,0,19,1,7,8
R_cIPrIoQlMbHOY4Z,Spain,0,5,0,20,0,2,2
R_6SiWJqoMLrPRzc9,Spain,2,7,0,21,0,5,8
R_3F1LbMZrmu4qoGF,Spain,2,1,1,26,1,6,1
R_d4OCRRXLA8q30Tb,Spain,-1,5,0,19,0,5,3
R_00NTMbopa7G4oL3,Spain,0,7,0,41,1,5,8
R_5un0vzXlRdeNxml,Spain,-1,4,0,22,1,4,1
R_cIVTiDvDtG2xjqR,Spain,-2,8,1,40,1,3,5
R_eeuiXc0oXJ51maV,Spain,1,0,1,21,0,4,9
R_8kXFvY10KRgNOpT,Spain,1,1,1,22,0,6,2
R_2iaRjSndOX5Pt2t,Spain,-1,7,1,28,1,1,4
R_8oHhlJYv1PvTJxr,Spain,-1,10,0,64,1,7,9
R_9N9o0lJaNCXac9D,Spain,0,3,1,21,0,6,8
R_5isWMCRvcrDntpb,Spain,1,3,0,19,0,5,1
R_6x5neCO4JJ1cqUt,Spain,0,0,1,20,0,4,6
R_b47xCjnMLbu7b93,Spain,0,5,0,26,1,2,2
R_9pIV5TFK3KQTym1,Spain,-2,10,0,26,0,2,2
R_3UGbj5l4rOneSFv,Spain,1,2,0,23,0,4,2
R_brpuj53zc8Eghrn,Spain,0,1,0,23,0,6,9
R_cTtCZ3BDRnnfmtL,Spain,0,4,0,25,0,5,9
R_5cMbjb7BW2hdyqF,Spain,-2,5,0,25,1,5,1
R_0umU8Rzw4Q39LlH,Spain,2,8,0,24,1,3,4
R_1U4EYbx0lcRICpf,Spain,0,5,0,22,0,1,3
R_bfkjvMBqGRA6PvD,Spain,-1,7,0,48,0,5,2
R_ehz66NjLlo9yFiB,Spain,1,7,0,19,0,3,3
R_3l9mO22InAN3CU5,Spain,-1,6,0,23,1,1,2
R_6KUm6CIOj2Hizhr,Spain,-1,3,1,23,1,6,10
R_9oYdH6n2PNEUtzn,Spain,1,7,0,26,1,7,7
R_5pui3PERi8rvVAh,Spain,-1,4,1,48,1,7,7
R_0B32BJ9emy5T1TT,Spain,2,0,1,26,1,5,9
R_00uXfiJinWuXrPn,Spain,2,0,1,26,0,2,8
R_0Ap46H8fij3PA2x,Spain,2,3,1,19,0,4,10
R_1GOjwePMoEdDhDn,Spain,1,7,0,20,0,4,10
R_e2QZaRfguFsrrb7,Spain,2,1,0,19,0,4,8
R_7Puk5yi6CD3F0MZ,Spain,1,7,1,24,0,6,1
R_9SQQLHsJa8RVl2d,Spain,2,3,0,33,1,5,4
R_3UDlLgPnl3SLknX,Spain,0,5,0,27,1,1,2
R_dbvdZytJrFXAzlj,Spain,2,1,0,26,1,3,4
R_787XmrZyY1AErpb,Spain,-1,5,0,27,1,6,4
R_4Jx85rH2O56lhv7,Spain,1,3,1,27,1,7,3
R_4MjGtmWNz0WC0rH,Spain,-1,7,1,29,1,2,6
R_9Wz0uc2RA6p6jRz,Spain,1,3,0,28,1,6,1
R_6Jc9pIFgmHtJiYd,Spain,0,3,1,21,1,6,7
R_4OxmsCPpETouiJ7,Spain,1,3,1,22,0,4,7
R_3BIope2Jz29dXhP,Spain,-2,8,0,46,1,7,8
R_51oyDU5p8uWli9T,Spain,2,5,0,27,0,5,9
R_54NjNBNEJtJd5pX,Spain,1,8,1,24,0,2,2
R_1STbs57DPdPZZzf,Spain,0,5,0,19,0,2,2
R_07yuNeQULtpJknX,Spain,-1,5,0,26,1,6,4
R_2sKXM5O67NGQ0fz,Spain,0,5,1,23,0,2,8
R_bQNlwfBLjU4Nvkp,Spain,0,5,1,21,0,6,10
R_7U8H2wYbtsPq2QB,Spain,0,5,1,45,0,3,4
R_cMADRYnrVkHZxk1,Spain,2,0,1,25,1,6,9
R_b1SnWwEHKVDWC5n,Spain,1,0,0,19,0,6,4
R_a98UvGa13axzw7X,Spain,1,10,0,27,1,2,1
R_6D9932FqDO397EN,Spain,1,3,0,19,0,4,6
R_6LR54gQhv1Wg1O5,Spain,-1,5,1,24,0,5,3
R_8cRgjOKQMS2gkxT,Spain,1,1,0,22,0,4,1
R_4ZXCWGyqobHqrqJ,Spain,0,7,1,21,0,5,2
R_3IWrdi9maWjmV7f,Spain,-1,5,1,48,0,3,3
R_3DwggKraknJxtkN,Spain,0,2,0,22,1,5,3
R_5vRvnXGieraCnuR,Spain,-1,3,1,24,0,5,2
R_0NkicRrxBmZcP4N,Spain,0,5,0,24,0,5,1
R_5drBE3xsZnuV8QR,Spain,1,8,0,28,1,1,5
R_5gKMpX7Gxqts3qt,Spain,1,5,0,20,0,4,3
R_5vdCvWGSCgZlLcp,Spain,1,7,1,25,0,2,6
R_bPEKj6K2WdkMcLP,Spain,2,2,0,29,0,7,4
R_3rzH7VuGqTGI7yJ,Spain,0,8,1,27,1,7,4
R_3aw5MXb2VNbJMpL,Spain,0,5,1,22,0,6,6
R_6fHj721ElKoBwBn,Spain,2,2,0,21,0,5,9
R_8Id2Huod7L53HSd,Spain,-1,5,0,50,1,6,8
R_6VwoobCb0KnMrdz,Spain,2,4,1,25,0,4,5
R_b4wkrjfRH97NAZ7,Spain,0,8,1,27,0,6,7
R_4HJwju9JtHJ3Yi1,Spain,1,0,0,40,1,4,6
R_ey6HzQ30BioszSB,Spain,0,4,1,27,1,7,9
R_9WEMaJV4TT6FS2p,Spain,-1,7,1,27,1,6,7
R_dm2IpHGtPszy9i5,Spain,-1,10,0,25,1,6,4
R_3PIQdZGfYyEoWTH,Spain,0,0,1,25,1,7,2
R_7QcaYOgyEDPAiRn,Spain,2,2,1,21,0,4,9
R_3kHLLag3dkn3D93,Spain,1,0,1,19,0,4,9
R_5yDsQpqWolyOEMR,Spain,1,3,0,21,0,4,3
R_3TMPqT0YjCDlfut,Spain,0,5,0,28,0,3,3
R_emp4unXVDBbyonP,Spain,0,7,1,26,1,7,8
R_9taSZBU9Lg5Mj8p,Spain,1,5,0,26,1,6,6
R_aW2EhjhX3aiOMW9,Spain,1,7,0,22,0,1,6
R_cHmJ4gMWTvw1DVz,Spain,0,4,0,18,1,7,4
R_1MktnOXItk1wbuB,Spain,0,6,1,59,1,7,4
R_bdMWaDhUPjcdeXH,Spain,-1,4,0,29,1,5,4
R_37ZVZ7sTALHUtKZ,Spain,1,1,1,24,1,5,7
R_eS7KUrqr92npwA5,Spain,1,6,0,29,1,3,4
R_d54FdJ1w7SadZOt,Spain,1,5,0,26,1,7,6
R_cZU6aeTtC7v5MIl,Spain,1,7,0,28,1,1,4
R_6ldPLY1HePiZ6Pr,Spain,0,2,1,29,1,6,6
R_55e8BJzrxiGAZXD,Spain,2,3,0,23,0,4,2
R_3pCVehcBjYZj9SR,Spain,0,3,0,27,1,2,4
R_3dZq7EnLF8GfF7D,Spain,0,0,0,26,0,3,4
R_0qZrhORKQNvIRh3,Spain,1,1,1,27,0,7,4
R_e9zY1BfZwVWKf2t,Spain,0,6,0,28,1,7,9
R_8AF8z6cEmlFTzcV,Spain,-2,0,0,27,1,5,2
R_3UCODZPe4ykGvKl,Spain,1,1,0,23,1,3,2
R_9Rnoxhd5wc3mqHj,Spain,0,0,1,44,1,7,5
R_6n7jepT9ZgELJVr,Spain,1,2,1,24,0,4,7
R_br0MQth4IllWEVn,Spain,1,3,0,24,0,4,4
R_56ggmO371lu4Hk1,Spain,1,3,1,19,0,4,5
R_ba4t6Lg6TAh2mMJ,Spain,2,7,0,25,1,5,5
R_6rPXkXfx6ftCLkh,Spain,0,4,0,47,1,4,7
R_bxBxztfnzDBDf2R,Spain,2,7,0,29,1,5,4
R_3q6ntWswQBqmyLH,Spain,1,7,1,26,0,2,8
R_1LK8dt8P0qJjoiN,Spain,1,7,1,23,0,5,6
R_b7OM04Y254abG73,Spain,1,3,0,23,0,4,5
R_1zsy8GjthqM7tzL,Spain,0,5,0,42,0,2,4
R_3kiwYBVQvzgFFrv,Spain,-1,7,1,26,1,7,8
R_8etcTemaiPONppX,Spain,0,6,0,28,1,5,3
R_38nH4wpNn0D1nyB,Spain,2,0,0,26,1,3,7
R_e3VMy9sMB5ueKzz,Spain,-2,6,0,21,0,4,8
R_9nwLUScFjQXbSip,Spain,0,4,0,50,0,6,8
R_4YnhOYfsyQS0Rdb,Spain,0,8,0,26,0,5,4
R_5BC6GLnoQiFvQ9f,Spain,0,3,1,20,0,4,4
R_8Hu4sqf5OlLIo4t,Spain,0,3,1,23,0,3,4
R_8IbSH3VWVtgijBj,Spain,1,3,1,21,0,4,4
R_00xIa8ziEvUdMXz,Spain,0,0,1,26,0,5,2
R_8pMwxHcurCta5o1,Spain,0,5,1,50,0,2,4
R_7OJRJ8cnlXXVjjT,Spain,2,2,0,23,0,5,7
R_7UpaAzwG6H2WZ01,Spain,1,5,1,23,0,4,4
R_3ELdjM4FTUDHCXH,Spain,1,5,1,27,1,7,4
R_eVT1mxYeYshHUSV,Spain,-1,5,1,29,0,7,2
R_eVymQm4kq0Z0bwF,Spain,2,0,1,22,0,2,1
R_3OTQGdcWbiS5eeh,Spain,2,5,0,46,1,3,6
R_a4brdaZ13XiIXEF,Spain,0,5,0,42,1,5,4
R_1F9ofKTN18Hn02N,Spain,0,0,1,29,1,7,2
R_72Hi1guzjFBFAzP,Spain,1,7,0,25,1,3,6
R_3rUc1c1vjJGWawd,Spain,0,2,1,46,1,5,8
R_egOemF9y6HaszoF,Spain,1,6,0,42,1,4,3
R_3TXJWHBmUbDRp6B,Spain,1,5,1,27,0,6,7
R_7WGAoP9Y3QQUt4V,Spain,-1,6,0,42,0,2,3
R_3a6zdnpmWvNmmgJ,Spain,1,2,0,21,0,3,8
R_ba6zTlKkFOaom4R,Spain,0,5,1,49,1,2,5
R_6y5V2mkZblGSJBH,Spain,-2,5,1,68,0,3,2
R_2gFI1T3ABBXQJgx,Spain,0,2,0,45,1,2,4
R_dccZ0dNLv4v2Vsp,Spain,2,3,0,66,0,1,4
R_0vwlXCfdwFqqvnD,Spain,0,5,0,54,1,2,6
R_bgBrWq6gYmYThAx,Spain,1,2,1,59,1,6,7
R_cOWM9ZkO0fNybBz,Spain,0,4,1,58,0,2,2
R_6PWKMPtbWvCdiVT,Spain,1,8,1,49,1,4,2
R_1TRjgutOfXh3xeB,Spain,0,3,1,61,1,7,6
R_82IbYIDOI861YS9,Spain,0,2,1,60,0,1,5
R_3CY7JvMAb2aVFml,Spain,0,5,1,55,0,4,3
R_e39y0GyNEDHT1Ep,Spain,-2,0,1,48,1,4,9
R_6y4ghAod6aZcG6p,Spain,2,1,1,48,0,7,1
R_85Ln4p8CqUNsXZ3,Spain,2,5,1,41,1,6,10
R_0qOUvNpxFp70r7T,Spain,0,5,1,45,1,1,2
R_41uKmNuT7Eruxoh,Spain,1,2,1,59,1,6,4
R_4SdTFlwh8zeP4ot,Spain,0,2,1,54,1,5,5
R_6zpMZtx95wfImfr,Spain,-2,7,1,65,1,3,5
R_bEs1V7R7bVhwiwJ,Spain,1,5,1,60,0,6,7
R_bBL57ATZBCndpkx,Spain,-2,3,1,52,0,3,2
R_6DK8zePVq6znT3n,Spain,-1,5,1,40,1,6,3
R_2nqhbGYFNddqGHP,Spain,-1,8,1,51,1,4,3
R_8eozDvKhM77HHRH,Spain,1,2,1,50,1,6,6
R_2aGGDmLXqJ4UIMR,Spain,-1,2,1,50,1,2,6
R_9Zugmn0ho17E8Id,Spain,0,2,1,51,0,4,5
R_02IrwcRhnDaAjKl,Spain,2,7,1,59,1,4,5
R_4N1ZObZqx7zb6JL,Spain,0,7,1,44,1,5,2
R_eIJV4ORtW2QLZEV,Spain,0,5,0,42,1,7,9
R_9KTLW4gaOZQSVp3,Spain,1,4,0,61,0,6,10
R_0Hc1wTDowy6ugcd,Spain,0,7,1,40,1,2,6
R_9yiN6brsEi78nS5,Spain,0,5,1,50,0,4,4
R_2fcg34boASEGPd3,Spain,0,6,0,45,1,4,6
R_87CV9rYEfvS7wIR,Spain,2,2,0,53,1,4,3
R_aaeNkoQTVhAiWWx,Spain,2,4,0,41,1,7,3
R_8iujL1s4WUinfdr,Spain,0,10,1,49,1,6,4
R_8eJfVAO3jyL9dv7,Spain,1,2,1,41,1,1,6
R_3JYLi4XDUNohQ57,Spain,0,5,1,46,1,4,7
R_aUUe2NtAF7lW7yJ,Spain,2,0,1,40,1,6,6
R_6Mer9D57AiTzWkd,Spain,2,0,1,41,1,7,8
R_cMWNV0OxSBTLm73,Spain,2,0,1,41,1,7,1
R_elJqBwz2THHnCD3,Spain,2,5,0,41,1,6,8
R_6F5xBO1vP5OEcnz,Spain,-1,5,1,46,1,7,10
R_42Z5SzClxr7YfKl,Spain,1,3,0,51,1,6,4
R_cSfBAbCV2CeDARn,Spain,1,0,0,43,1,3,4
R_beJPk7EwsXBuTat,Spain,0,1,0,48,0,2,1
R_0Jqk37EeIyV5b0h,Spain,-2,5,0,63,0,4,2
R_1XQAwpaijyfgrxb,Spain,0,0,0,59,0,1,1
R_6otc7lVZauamCUd,Spain,0,5,1,45,0,2,3
R_9R122olSb9vatI9,Spain,0,8,1,51,0,2,1
R_4HI5IwMqk2VmPJj,Spain,1,5,1,46,0,4,4
R_3OGiV3kdOkHeAtf,Spain,2,3,0,47,1,7,7
R_3fVJH4RhQ1mpXal,Spain,0,0,1,49,0,5,1
R_3gwupBUSDsx0iwd,Spain,0,8,0,57,1,2,4
R_bDzRNcw9LeH0cRL,Spain,-1,5,1,43,1,5,5
R_bCWwe2l7XX0jl3f,Spain,1,3,0,43,1,4,6
R_9Sp305aQMZxj2qV,Spain,2,2,0,42,1,7,4
R_b191K2u34h35oaN,Spain,-1,3,1,62,1,3,2
R_eLQV8oPAwjY2He5,Spain,-1,7,1,47,1,3,3
R_9GqchuUg6jLOjU9,Spain,-1,3,0,52,1,5,6
R_cZPmT9nP8lB2EDP,Spain,0,5,1,47,1,5,4
R_3gc7omHaGawG3Xv,Spain,-1,6,1,58,1,6,4
R_2oaxokJoDk7gtEh,Spain,0,5,0,63,1,1,2
R_2taHpKqdaXzDhmR,Spain,0,6,0,43,1,7,8
R_bQK37IzVdV46xBX,Spain,0,9,1,51,1,7,9
R_9ZBGyNeP4Hubp5z,Spain,0,5,1,65,0,1,1
R_4UwM9mWchS6nq3r,Spain,1,4,1,51,0,3,8
R_ezCDxfJeaEYwOGN,Spain,2,4,1,50,1,1,8
R_bskDM9oiCK2i6RD,Spain,-2,5,0,49,1,7,6
R_1Y895aPL9bBwWQR,Spain,1,5,1,40,1,4,8
R_5aqee5xNMpg3fZr,Spain,-1,6,1,50,1,2,8
R_9uAe2qs0NXd6ECh,Spain,1,5,1,59,0,2,4
R_5jvoCB5UJYF7pNb,Spain,0,3,0,48,1,2,7
R_6PY1Qc6VIaEa7Ax,Spain,1,5,1,59,1,6,2
R_beaCQm2t7gSCv1X,Spain,-2,3,1,48,0,4,1
R_eVscJYdwQCSHrMh,Spain,1,4,0,63,0,6,10
R_295u6YV7zPfumSp,Spain,2,5,0,43,1,7,10
R_4MmqgPoqpbZMrw9,Spain,1,4,0,63,1,6,3
R_0jRDNLY8Z39uuyN,Spain,-2,3,0,55,1,1,2
R_8DoQhwyK9CkgHad,Spain,0,5,1,61,0,5,6
R_3wqQKX4X9sTnRHL,Spain,1,5,0,68,0,6,6
R_6MzbX4ri1BZO4eh,Spain,1,3,0,63,1,6,9
R_8fimQDjsSSIXjyR,Spain,1,4,1,44,0,6,7
R_cYEZ5fA6AyeKBQ9,Spain,1,5,0,67,0,6,4
R_8D2X0AGmmjxEVr7,Spain,0,3,0,61,0,4,4
R_eD5xf3kQBX94pMh,Spain,0,6,0,48,1,7,10
R_4VkZxujYr6BHSn3,Spain,1,10,0,60,0,7,1
R_eXoBkuFY6OQ32AZ,Spain,0,3,1,61,1,7,5
R_bkJgDqaLWc93ULH,Spain,0,5,1,60,0,2,9
R_0HzmePDMig1b7xj,Spain,2,7,0,65,1,7,9
R_23GEg9Q3zQqyd3D,Spain,-2,10,1,43,1,1,1
R_6FfefCu4pQjp34V,Spain,-1,5,1,65,1,5,9
R_dcb3udXVgpPM1KJ,Spain,0,7,0,65,1,2,8
R_2f9SGsg1CS3Uxlr,Spain,0,8,0,63,0,7,10
R_3C3qfu4p3BbpEGh,Spain,2,0,0,63,0,7,1
R_7a3v73rCvSDJxZj,Spain,0,10,1,60,1,7,9
R_eQWPQHsYksVpxrf,Spain,0,6,0,61,0,5,7
R_6S5TRfPUGKJhGvP,Spain,2,3,1,61,0,6,6
R_6hrZTpe3y79tC8l,Spain,0,5,0,61,1,1,3
R_bmxWSElQwdrUbJ3,Spain,1,2,0,43,1,7,8
R_b2xnwgvrxcYXOLj,Spain,1,2,0,56,1,6,9
R_292iiT1QtwHgwXH,Spain,1,5,0,61,1,7,2
R_djbC2myffIJZrdH,Spain,1,3,1,65,0,7,1
R_3t9eVav0hVKug4t,Spain,0,4,1,61,1,5,4
R_1zVTWKj1GnsJqmN,Spain,1,7,0,57,0,6,7
R_2gjkNAm1D3u1dXL,Spain,0,3,1,53,1,5,4
R_26lkEaTdoztTmMR,Spain,0,3,0,64,0,3,5
R_bgrfxJQV49vH4GN,Spain,-1,7,0,69,0,7,1
R_0qa2dJVO3CageRT,Spain,0,2,0,61,0,3,1
R_9AzbG1evbBUxo3P,Spain,1,5,1,65,0,5,3
R_9S6n2II4nDQxsk5,Spain,-2,6,1,42,1,7,6
R_9WDrn4FBIX9pvsV,Spain,-2,2,0,63,0,3,2
R_8DkxY1fmNyEmj9r,Spain,2,1,0,56,1,2,6
R_5dKHJLur7Mjs4It,Spain,0,8,0,62,1,2,7
R_aWsKYldEcFTJzVz,Spain,1,2,0,47,1,5,8
R_3jwd19MUpklA2CV,Spain,-2,10,0,68,0,7,10
R_dhyOc2WbQ9nTVyJ,Spain,-1,5,1,62,1,7,4
R_8ii60aDDutkiLU9,Spain,1,2,1,69,0,7,2
R_8HsilCoQlaLOcwl,Spain,2,3,0,69,0,6,9
R_71xDR7r9d2dBAI5,Spain,0,4,0,76,0,5,10
R_40HyACFN6FHRbKJ,Spain,1,5,0,61,0,4,9
R_e2NwLazuk61OMwB,Spain,1,6,1,66,0,1,1
R_3t2nosYT4X8iZTf,Spain,1,0,1,50,1,3,6
R_37xUlTAtmACIWkB,Spain,1,4,0,65,1,7,7
R_3WdfEb8o8JYE5CZ,Spain,1,6,1,42,1,7,7
R_7R32gYC93evfvkp,Spain,0,7,1,44,1,7,10
R_dba0P9fBotWaYGp,Spain,-1,10,0,61,0,1,1
R_eJobW7uGbBYJwqx,Spain,2,5,1,62,0,3,9
R_9nTaJMcA8y8lKxn,Spain,1,3,0,62,1,5,9
R_8e76Z5Ngy8mzvxz,Spain,2,0,0,67,1,6,5
R_6f0To6cWK2Xs7tP,Spain,-1,6,0,62,1,2,4
R_aatrIMK6UUSaZXn,Spain,1,3,0,69,0,2,6
R_8CvoJwfyHh09u6x,Spain,1,0,1,61,1,7,8
R_0DFT5a7rzIbs7fn,Spain,-2,4,0,64,0,2,5
R_5BdiYUY9GShKo0B,Spain,2,4,0,68,0,6,10
R_d1oKi82Rj07F3F3,Spain,2,2,0,68,0,6,8
R_dhzjqwucYXzSAId,Spain,0,7,1,56,1,7,9
R_0IKrcPhlnuqCvsN,Spain,1,4,0,61,0,2,4
R_8kMl89Bm4MPYZ4F,Spain,2,0,0,62,0,7,3
R_e2GarRTuIE1wKeV,Spain,-1,1,1,62,0,3,8
R_bduaUZnRYADmjul,Spain,2,0,0,64,1,7,10
R_cLUn3JlVKgE2iI5,Spain,1,0,0,68,0,1,2
R_3PmHtbY1zRtofel,Spain,1,0,1,58,1,3,8
R_40Hm9WO4qlN7kCF,Spain,-1,1,1,62,0,4,8
R_dmSsMpLeAKMbzJb,Spain,1,3,1,68,0,1,5
R_5iJsUDvBNC9XX7f,Spain,2,0,1,68,0,6,4
R_etvn2EdyGouGyQR,Spain,1,6,0,61,1,6,4
R_5z19cd0matoL75H,Spain,-2,6,0,62,0,2,1
R_ehfXfqIl39EtMZD,Spain,0,8,0,67,0,1,1
R_3XbfeCc3n2lrCT3,Spain,0,6,0,60,0,6,7
R_9tN2ksr2vkmYYUB,Spain,-2,4,0,68,0,1,3
R_cxbdVB1CBWXWLEp,Spain,-2,6,0,63,1,7,6
R_9Xo8Pa43ZdvTt2t,Spain,0,7,0,63,0,6,6
R_2twZxuoYLEnOZIF,Spain,0,0,0,62,0,6,5
R_a5CJzlADSjD8jOJ,Spain,0,2,0,61,0,2,7
R_9TOQDEg3h2LpGFD,Spain,1,3,1,65,0,2,7
R_3xGwz27jOBgs1AF,Spain,0,1,0,42,0,4,1
R_dm0qEWjAeStdOPr,Spain,0,4,1,67,0,2,2
R_87VShHUH1wLDL0N,Spain,2,5,0,49,1,7,5
R_3IQWvQ9DEEemqq1,Spain,-2,4,0,61,1,1,9
R_7QljbkYYmD0mlFP,Spain,0,5,0,66,0,2,1
R_bgbkN8Xr2ysn06F,Spain,0,5,0,45,1,5,4
R_8dYKKYLM3S1l0VL,Spain,0,5,0,65,0,4,4
R_0BWoPjTqRKfUgXH,Spain,-2,5,0,63,0,5,1
R_6yc8lMDRQPAUM4d,Spain,1,2,1,62,0,7,6
R_3CMvXnPJgVEIPtj,Spain,0,7,0,62,1,7,9
R_6nyUP74T7UlEtzD,Spain,2,0,0,62,0,2,1
R_6SxT53EhMQ11wsl,Spain,-1,9,0,64,1,5,5
R_0DjSEtMqrPuB3Kt,Spain,2,3,0,63,0,7,9
R_egkCw8El65hxP93,Spain,0,6,1,68,0,2,6
R_eljkJy5TG7kUG0t,Spain,1,7,1,60,0,2,5
R_8uGYS3DXF5vU3t3,Spain,2,5,0,63,0,5,5
R_8krxt9wUDUl3Wex,Spain,0,9,0,62,0,5,4
R_a5FEGadwnTCZsnb,Spain,2,8,1,50,0,5,2
R_4TvPvVjNRdnKSih,Spain,1,4,1,44,0,6,8
R_400EzBkViQ2f3Ol,Spain,1,4,0,60,1,4,1
R_5nan1lUHFgD0UT3,Spain,0,3,1,50,1,5,6
R_1NUwWlmT491DJ65,Spain,0,6,1,68,0,1,2
R_3HLlUGPrtEv7krj,Spain,1,5,1,68,0,6,2
R_eDvT74qjtwM8qPz,Spain,1,1,1,61,0,7,6
R_0qEKWzyvGFnNnKt,Spain,1,2,0,61,0,6,6
R_9QQvNZGEtgAoEVT,Spain,0,5,0,62,1,2,10
R_ex4irZYjWWeZK3X,Spain,-2,10,0,67,1,2,10
R_9sNsP2QaKatORFz,Spain,0,2,0,69,0,4,4
R_cYIKAltSd4W2zLD,Spain,0,5,0,66,1,1,5
R_6sPriYVsErE7Rjf,Spain,1,0,0,64,0,1,1
R_0OFrEQnKKCmtIah,Spain,2,3,0,66,0,6,9
R_8p71XlV7VMf5sCV,Spain,2,3,1,63,1,2,9
R_8dFnPNNRu9vNZK5,Spain,-1,6,0,64,0,6,6
R_0d0ZeXhj5fZr4z3,Spain,1,4,0,64,1,7,9
R_74GiE93iLSPvHLv,Spain,1,7,0,67,0,6,2
R_b2SG6OKjdOnZmsZ,Spain,2,2,0,68,0,3,6
R_3DeacPghUCZHJLn,Spain,1,4,0,69,0,7,7
R_9vOmKuM2qmhcD1r,Spain,0,3,0,63,0,1,8
R_6MtaFY9in13KzD7,Spain,0,1,0,62,0,5,7
R_3QPOnvcY4hPI3f7,Spain,0,5,1,50,1,7,9
R_7VA0bx21lU8yDiZ,Spain,2,0,0,66,1,7,9
R_1Yq3PxquGjhLMsB,Spain,-2,9,0,61,1,6,10
R_3dVdNI61WTvuVmd,Spain,2,3,1,65,0,3,2
R_3kt3dBkT25rv0Cp,Spain,1,7,0,55,1,2,6
R_3k2oyHlowkdbv81,Spain,1,0,0,41,1,3,6
R_38Gf5vGPxKuNibr,Spain,-2,3,0,61,0,1,1
R_8JsQhKcO1gfpN53,Spain,-1,2,0,60,1,4,7
R_aWefxYH7LoeWzY1,Spain,1,3,1,61,0,1,6
R_2n2EILUCuUcEooR,Spain,-2,10,0,63,0,1,3
R_e9cTqW1ZJDtfETX,Spain,1,6,0,56,0,7,10
R_cBhsg5lct30BfqB,Spain,0,5,1,53,0,2,4
R_2ghOJZfJvfhnXnL,Spain,1,0,0,66,0,7,8
R_02l0zlj0FRja1IV,Spain,0,10,0,67,0,5,6
R_72kFxzYjpht387X,Spain,-2,1,0,62,1,1,1
R_5uyxnsWitrY7H9z,Spain,0,6,0,64,0,4,3
R_eG2RyRkkhfPsh5X,Spain,0,2,1,60,1,1,3
R_e9e6GBQOyF4D6Zv,Spain,2,6,1,65,1,6,5
R_3rVc2q7cwqZSWzz,Spain,1,5,0,62,0,7,1
R_004rb1yja7X63Ih,Spain,0,6,0,64,0,6,6
R_6lg1zOp72eeoW8J,Spain,1,3,1,65,0,2,4
R_eXlYX4oUoaoVefj,Spain,-2,10,1,63,0,4,9
R_bdDisJoAk68FNK5,Spain,1,3,1,65,1,7,10
R_cMkCAYKyt2yaWb3,Spain,1,2,0,60,0,6,9
R_bmFCKIDnYEYAckZ,Spain,1,3,0,60,0,1,2
R_eY8YCUGTzteLHMh,Spain,1,7,1,43,0,1,1
R_2mJhggfFIWE09mJ,Spain,-2,1,1,41,1,6,4
R_9p0JFIxZyHxYC45,Spain,2,7,1,44,1,5,8
R_881UGRHpOPxCqTH,Spain,-2,5,1,56,0,3,2
R_eG2MfWeRVcGDIFv,Spain,1,6,0,48,1,2,2
R_3l80wLIk5xc336t,Spain,-1,1,1,46,0,2,6
R_6illeFkEMZhHz37,Spain,0,2,0,51,1,3,5
R_2hM5rOqRHHMztWt,Spain,0,3,0,43,0,2,1
R_4MedxMDhrwfmjzv,Spain,0,0,1,51,1,6,4
R_3ICqjJxV2LWKzqZ,Spain,1,0,1,52,1,2,4
R_2hsMyt8zC4oHXAp,Spain,2,10,0,42,1,1,4
R_5h8QqAQi4YXQ0bH,Spain,-2,10,1,42,1,6,9
R_3Vl56FetVzVBy8B,Spain,1,0,1,41,1,7,8
R_6XYw1tsXmFaahc9,Spain,0,5,0,51,0,7,1
R_bxfc59dbKmU4J0h,Spain,-1,0,1,49,1,6,6
R_4GvphVEQQtzPJbf,Spain,0,3,0,52,1,7,3
R_6m27eFzBBapKfLD,Spain,-2,6,1,53,1,7,8
R_5urDTJbaBynA549,Spain,1,3,0,52,0,5,1
R_1ZGUEUU2IEPRq61,Spain,0,10,1,49,1,6,4
R_3IvTNNqEllFBcG1,Spain,0,7,1,53,0,6,2
R_6QYHKPKw4SWGw9D,Spain,1,5,0,58,1,4,4
R_bOffKbyUSXvyDbv,Spain,2,2,0,54,1,3,4
R_5msOtiKJiTPWMh7,Spain,0,5,0,49,0,2,4
R_4GxrvTi4hRa8YyV,Spain,1,4,1,51,1,6,7
R_aftb1667ZnjRS4J,Spain,2,0,0,53,1,6,6
R_9vFzmcCLbUiI6SV,Spain,1,5,1,50,1,2,3
R_4UEnUh5Aq4GcZhj,Spain,0,7,1,47,0,3,7
R_aXnEUIPBtzWdfHD,Spain,2,0,1,41,1,7,7
R_9SO2vIGsfesmVyR,Spain,-1,5,0,59,1,3,6
R_80uAB56d7kKl7GB,Spain,0,5,0,59,0,5,4
R_dmOof2r7Rc6XbTv,Spain,-1,4,0,56,1,6,9
R_ethbfssQOni7jr7,Spain,0,7,0,51,1,7,10
R_b2yVWyrzMerpdY1,Spain,2,4,0,45,1,5,8
R_77e9fCLVU5K0opT,Spain,1,4,0,51,0,2,2
R_3rWoRv17vUrXowJ,Spain,0,8,0,52,1,3,7
R_6DJmtjpuz3MDvA9,Spain,0,5,1,44,0,2,4
R_e2Jkca1tfwID0zz,Spain,0,0,0,43,1,4,2
R_e9jLUDJlRonoQBL,Spain,1,2,1,54,0,3,1
R_006gaKXgWqxSWEJ,Spain,-1,7,0,56,1,4,10
R_6szods9AIcvktxz,Spain,2,3,0,48,1,3,4
R_etFfrAtNYcjZuYt,Spain,0,5,1,53,1,3,4
R_0CWeofwiJIP2Tf7,Spain,1,5,0,50,1,7,8
R_cw2tREyNGtp6JVz,Spain,2,3,0,55,1,7,2
R_5ceGthLX2lYaDRz,Spain,0,3,1,50,1,6,2
R_0xpDktxcntkijGt,Spain,1,4,0,41,1,7,7
R_eP4OAOdtoir7bet,Spain,1,5,0,48,1,6,8
R_5jbyboW1ruCUxjD,Spain,2,8,0,56,1,6,4
R_0v9wwK8ZQaQMwER,Spain,2,5,1,51,1,7,1
R_6eYusbP6UVyt01f,Spain,0,7,0,49,1,2,3
R_6i0VXo9d8DtdqsJ,Spain,0,3,0,51,1,3,7
R_4I4w5EF7504ATUp,Spain,-2,4,0,48,1,6,2
R_0NUBURYufbwVCWF,Spain,2,2,1,52,1,4,9
R_eFdKmCTjXIVi86h,Spain,1,2,1,57,0,7,1
R_0ulnSA7B8VrLdDD,Spain,1,0,0,58,1,6,4
R_0x5wnjT2ThIAynb,Spain,1,6,1,49,1,2,4
R_2i6u5y7gD8kCgdL,Spain,-1,6,1,51,0,1,5
R_01acemaj3twJq7j,Spain,0,5,1,43,0,3,7
R_2furSnxbg5yUN1z,Spain,-1,2,0,56,1,2,4
R_d6zk7rsy4vrRB2J,Spain,0,5,0,45,1,6,4
R_d4HIG014pHFmXvT,Spain,-2,10,0,49,1,2,2
R_4ZrSKciDOPXhsG1,Spain,0,3,0,47,0,5,1
R_egnHRPU0BCA0O7H,Spain,1,2,0,52,1,5,6
R_6WsSorLF20laKYB,Spain,2,0,0,45,0,4,1
R_ai9frL9N72Wohdr,Spain,2,5,0,48,1,1,3
R_8iwZKmk8KqoaE5v,Spain,1,6,1,50,0,2,3
R_0iw9mkYeUjpG6yN,Spain,-2,7,1,50,1,7,8
R_8xlUZCgiDKj4IzH,Spain,0,5,1,43,0,1,1
R_9HRkRYeB6D3PgTr,Spain,1,1,1,49,0,7,1
R_07iCqGDCnGu3qMl,Spain,-2,4,1,45,1,7,6
R_3sgNHxdbyVN2Ujb,Spain,0,5,1,49,0,3,3
R_0JS3CaOvG20hV9r,Spain,-1,3,1,44,0,2,2
R_d54Li4rY1mdQTo9,Spain,-1,3,1,46,0,5,2
R_6sOvS4YbgF6lGrr,Spain,-1,7,1,56,1,5,2
R_6KEhxgBVTY3hROd,Spain,1,3,1,56,0,5,1
R_9XHgDpzowkFJzBX,Spain,-2,6,1,59,0,3,10
R_9pNLFckGQR9II0B,Spain,0,5,1,59,0,1,4
R_esdj8Uy7J8gir3f,Spain,-1,0,1,51,1,5,3
R_1QULVYiyPFYzJTn,Spain,-1,2,1,51,1,3,5
R_bBd5W3HuqhZ4ZdX,Spain,0,7,1,53,1,6,3
R_5tgh1k9pxFGHwcl,Spain,-1,2,1,53,1,6,6
R_0cxt1hjX9AhxBDn,Spain,0,3,1,50,0,2,1
R_85GZF8Ehq1KSFQp,Spain,0,3,1,47,0,3,7
R_3CX10IODgY7hZeB,Spain,0,3,1,58,1,6,6
R_cSlTpoXT4Kasm2h,Spain,1,1,1,44,1,6,10
R_51tLCZp801c5qzb,Spain,-1,5,1,54,0,2,2
R_bfly1hMejvOSZWl,Spain,0,0,1,54,0,2,4
R_a5KIqz7XexvDYMZ,Spain,-1,6,1,58,1,4,6
R_e4jdhH25r3RACjz,Spain,0,3,1,59,0,4,4
R_e4k1Vp91sYPDhSl,Spain,0,5,1,47,0,3,3
R_8Inl6Z6KyC8T4QR,Spain,-1,8,1,44,1,2,3
R_ahLagRSEUyPxhtP,Spain,-1,7,1,46,0,5,2
R_8HvTWHYyPcI5Fg9,Spain,1,0,1,50,1,7,2
R_9EvCPKAr8tNcs5L,Spain,1,4,1,45,0,5,7
R_3w7yoT6182ebE8d,Spain,0,5,1,42,1,7,10
R_bxEshXnUZgNDwwd,Spain,-1,4,1,51,1,2,2
R_ePXIcj3qECQpGND,Spain,-1,5,1,50,0,3,1
R_2oBs140P6Q55lTn,Spain,-2,1,1,57,1,1,6
R_b7xpwypBpXhSptX,Spain,1,8,1,53,0,2,2
R_1R1ELzjsrypH4aN,Spain,-1,5,1,51,0,3,2
R_29PeprWTmt8kgZv,Spain,0,5,1,53,0,2,4
R_8AhOdvDIXFSBLo1,Spain,2,1,1,53,1,1,2
R_6QiwZT4nCpGPXiR,Spain,1,2,1,50,1,7,6
R_02J45MdhxWW2GMd,Spain,0,9,1,52,0,3,1
R_1G0z8kU6Z2I5ZMV,Spain,-1,1,1,52,1,1,8
R_56adpUHZadQEH1r,Spain,-1,2,1,54,0,3,2
R_8IUSDSbKLD65ZdP,Spain,-1,1,1,50,1,5,1
R_9SmFfmHGA3wSo0l,Spain,-2,5,1,57,1,2,9
R_2bGG1YrNW2Vfw0d,Spain,0,5,1,51,1,2,4
R_20rwQdj7fVk7Bnn,Spain,0,5,1,51,0,2,7
R_0wyv1QDdSxXKwrX,Spain,2,2,1,58,1,7,7
R_cUsfeLY3OTuCDch,Spain,1,7,1,51,1,7,7
R_6L3HLF42FnxgiSp,Spain,1,3,1,56,1,5,4
R_06tkVubHdrJlWgl,Spain,-1,8,1,57,0,1,8
R_2lwvYWrej2lhqrH,Spain,0,1,1,55,0,1,1
R_3QRc7oVGOMijVmB,Spain,0,4,1,52,0,7,1
